2014-5-1_잠실, 2 : 1
2014-5-1_마산, 5 : 10
2014-5-1_대전, 0 : 3
2014-5-1_광주, 2 : 20
2014-5-3_잠실, 8 : 3
2014-5-3_대구, 6 : 1
2014-5-3_문학, 6 : 5
2014-5-3_광주, 3 : 2
2014-5-4_잠실, 0 : 10
2014-5-4_대구, 3 : 4
2014-5-4_문학, 16 : 4
2014-5-4_광주, 7 : 8
2014-5-5_잠실, 7 : 2
2014-5-5_대구, 2 : 3
2014-5-5_문학, 5 : 9
2014-5-5_광주, 16 : 8
2014-5-6_잠실, 4 : 5
2014-5-6_사직, 10 : 19
2014-5-6_문학, 7 : 4
2014-5-6_목동, 6 : 3
2014-5-7_잠실, 8 : 7
2014-5-7_사직, 6 : 10
2014-5-7_문학, 5 : 4
2014-5-7_목동, 24 : 5
2014-5-8_잠실, 6 : 2
2014-5-8_사직, 15 : 6
2014-5-8_문학, 5 : 0
2014-5-8_목동, 3 : 4
2014-5-9_잠실, 12 : 2
2014-5-9_마산, 3 : 1
2014-5-9_목동, 5 : 6
2014-5-9_대전, 3 : 2
2014-5-10_잠실, 2 : 17
2014-5-10_마산, 2 : 4
2014-5-10_목동, 4 : 2
2014-5-10_대전, 11 : 5
2014-5-11_잠실, 1 : 8
2014-5-11_마산, 1 : 10
2014-5-11_목동, 1 : 8
2014-5-11_대전, 5 : 2
2014-5-13_잠실, 0 : 5
2014-5-13_마산, 5 : 6
2014-5-13_대구, 1 : 7
2014-5-13_문학, 9 : 6
2014-5-14_잠실, 1 : 2
2014-5-14_마산, 5 : 9
2014-5-14_대구, 3 : 10
2014-5-14_문학, 12 : 2
2014-5-15_잠실, 9 : 4
2014-5-15_마산, 6 : 5
2014-5-15_대구, 3 : 3
2014-5-15_문학, 10 : 1
2014-5-16_잠실, 3 : 8
2014-5-16_사직, 3 : 4
2014-5-16_대전, 3 : 5
2014-5-16_광주, 4 : 3
2014-5-17_잠실, 2 : 3
2014-5-17_사직, 12 : 2
2014-5-17_대전, 8 : 4
2014-5-17_광주, 14 : 7
2014-5-18_잠실, 9 : 4
2014-5-18_사직, 6 : 11
2014-5-18_대전, 2 : 5
2014-5-18_광주, 8 : 2
2014-5-20_마산, 2 : 8
2014-5-20_목동, 1 : 3
2014-5-20_포항, 2 : 7
2014-5-20_광주, 7 : 10
2014-5-21_마산, 10 : 2
2014-5-21_목동, 9 : 7
2014-5-21_포항, 5 : 7
2014-5-21_광주, 4 : 0
2014-5-22_마산, 3 : 2
2014-5-22_목동, 16 : 3
2014-5-22_포항, 5 : 6
2014-5-22_광주, 12 : 6
2014-5-23_잠실, 5 : 11
2014-5-23_대구, 3 : 6
2014-5-23_문학, 10 : 6
2014-5-23_울산, 2 : 3
2014-5-24_잠실, 12 : 8
2014-5-24_대구, 4 : 5
2014-5-24_문학, 4 : 6
2014-5-24_울산, 4 : 1
2014-5-25_잠실, 6 : 9
2014-5-25_대구, 2 : 18
2014-5-25_문학, 6 : 9
2014-5-25_울산, 7 : 5
2014-5-27_잠실, 4 : 5
2014-5-27_목동, 5 : 10
2014-5-27_대전, 18 : 9
2014-5-27_광주, 5 : 8
2014-5-28_잠실, 7 : 4
2014-5-28_목동, 5 : 7
2014-5-28_대전, 18 : 1
2014-5-28_광주, 10 : 6
2014-5-29_잠실, 4 : 2
2014-5-29_목동, 9 : 4
2014-5-29_대전, 15 : 7
2014-5-29_광주, 15 : 10
2014-5-30_잠실, 1 : 6
2014-5-30_목동, 5 : 11
2014-5-30_대전, 6 : 1
2014-5-30_광주, 8 : 6
2014-5-31_잠실, 23 : 1
2014-5-31_목동, 9 : 5
2014-5-31_대전, 7 : 3
2014-5-31_광주, 8 : 7
2014-6-1_잠실, 14 : 5
2014-6-1_목동, 4 : 7
2014-6-1_대전, 3 : 9
2014-6-1_광주, 5 : 6
2014-6-3_마산, 3 : 5
2014-6-3_대구, 1 : 4
2014-6-3_사직,  : 
2014-6-3_문학,  : 
2014-6-4_마산, 3 : 20
2014-6-4_대구, 5 : 14
2014-6-4_사직,  : 
2014-6-4_문학, 7 : 8
2014-6-5_마산, 5 : 9
2014-6-5_대구, 13 : 12
2014-6-5_사직, 1 : 10
2014-6-5_문학, 2 : 4
2014-6-6_잠실, 5 : 3
2014-6-6_문학, 4 : 7
2014-6-6_목동, 10 : 15
2014-6-6_대전, 3 : 6
2014-6-7_잠실, 9 : 2
2014-6-7_문학, 4 : 0
2014-6-7_목동, 7 : 9
2014-6-7_대전, 7 : 4
2014-6-8_잠실, 3 : 20
2014-6-8_문학, 3 : 0
2014-6-8_목동, 11 : 9
2014-6-8_대전, 7 : 2
2014-6-10_잠실, 8 : 4
2014-6-10_사직, 5 : 2
2014-6-10_목동, 5 : 5
2014-6-10_광주, 16 : 15
2014-6-11_잠실,  : 
2014-6-11_사직, 1 : 4
2014-6-11_목동,  : 
2014-6-11_광주, 2 : 9
2014-6-12_잠실, 3 : 4
2014-6-12_사직,  : 
2014-6-12_목동, 4 : 7
2014-6-12_광주, 10 : 11
2014-6-13_잠실, 9 : 10
2014-6-13_마산, 5 : 2
2014-6-13_대구, 6 : 4
2014-6-13_사직, 6 : 8
2014-6-14_잠실, 4 : 1
2014-6-14_마산, 2 : 10
2014-6-14_대구, 6 : 7
2014-6-14_사직, 4 : 6
2014-6-15_잠실, 2 : 15
2014-6-15_마산, 2 : 11
2014-6-15_대구, 1 : 3
2014-6-15_사직, 8 : 4
2014-6-17_잠실, 6 : 7
2014-6-17_마산, 5 : 10
2014-6-17_문학, 12 : 5
2014-6-17_광주, 9 : 4
2014-6-18_잠실, 10 : 8
2014-6-18_마산, 2 : 4
2014-6-18_문학, 10 : 9
2014-6-18_광주, 11 : 4
2014-6-19_잠실, 8 : 2
2014-6-19_마산, 7 : 5
2014-6-19_문학, 8 : 3
2014-6-19_광주, 1 : 3
2014-6-20_잠실, 7 : 1
2014-6-20_마산, 11 : 4
2014-6-20_목동, 3 : 4
2014-6-20_대전,  : 
2014-6-21_잠실, 4 : 2
2014-6-21_마산,  : 
2014-6-21_목동, 5 : 6
2014-6-21_대전, 2 : 4
2014-6-22_잠실, 1 : 0
2014-6-22_마산, 3 : 0
2014-6-22_목동, 5 : 10
2014-6-22_대전, 10 : 7
2014-6-23_마산,  : 
2014-6-23_대전, 4 : 2
2014-6-24_잠실, 6 : 0
2014-6-24_대구, 6 : 5
2014-6-24_대전, 5 : 6
2014-6-24_광주, 12 : 4
2014-6-25_잠실, 3 : 1
2014-6-25_대구, 3 : 14
2014-6-25_대전, 9 : 3
2014-6-25_광주, 4 : 5
2014-6-26_잠실, 0 : 4
2014-6-26_대구, 15 : 9
2014-6-26_대전, 10 : 9
2014-6-26_광주, 4 : 8
2014-6-27_잠실, 2 : 8
2014-6-27_사직, 7 : 8
2014-6-27_문학, 4 : 5
2014-6-27_포항, 6 : 4
2014-6-28_잠실, 8 : 1
2014-6-28_사직, 1 : 4
2014-6-28_문학, 1 : 4
2014-6-28_포항, 4 : 15
2014-6-29_잠실, 7 : 0
2014-6-29_사직, 0 : 9
2014-6-29_문학, 11 : 4
2014-6-29_포항, 2 : 9
2014-7-1_잠실, 0 : 1
2014-7-1_마산, 4 : 5
2014-7-1_목동, 7 : 12
2014-7-1_광주, 4 : 3
2014-7-2_잠실, 2 : 6
2014-7-2_마산,  : 
2014-7-2_목동, 3 : 7
2014-7-2_광주,  : 
2014-7-3_잠실, 4 : 5
2014-7-3_마산, 7 : 11
2014-7-3_목동, 9 : 10
2014-7-3_광주, 3 : 6
2014-7-4_잠실, 4 : 5
2014-7-4_마산, 6 : 3
2014-7-4_사직, 2 : 6
2014-7-4_목동, 10 : 6
2014-7-5_잠실, 6 : 0
2014-7-5_마산, 2 : 0
2014-7-5_사직, 7 : 8
2014-7-5_목동, 4 : 6
2014-7-6_잠실, 7 : 4
2014-7-6_마산,  : 
2014-7-6_사직,  : 
2014-7-6_목동, 4 : 5
2014-7-7_마산, 1 : 4
2014-7-7_사직, 10 : 3
2014-7-8_잠실, 14 : 8
2014-7-8_대구, 0 : 4
2014-7-8_문학, 10 : 6
2014-7-9_잠실, 2 : 3
2014-7-9_대구, 4 : 5
2014-7-9_문학, 3 : 9
2014-7-10_잠실, 13 : 12
2014-7-10_대구, 5 : 2
2014-7-10_문학, 7 : 5
2014-7-11_잠실, 9 : 6
2014-7-11_대구, 4 : 12
2014-7-11_목동, 1 : 6
2014-7-11_광주, 12 : 5
2014-7-12_잠실, 3 : 6
2014-7-12_대구, 13 : 10
2014-7-12_목동, 10 : 5
2014-7-12_광주, 4 : 5
2014-7-13_잠실, 2 : 1
2014-7-13_대구, 4 : 1
2014-7-13_목동, 9 : 1
2014-7-13_광주, 2 : 0
2014-7-15_잠실, 1 : 7
2014-7-15_마산,  : 
2014-7-15_사직,  : 
2014-7-15_문학, 8 : 3
2014-7-16_잠실, 2 : 9
2014-7-16_마산, 8 : 10
2014-7-16_사직, 4 : 3
2014-7-16_문학, 12 : 3
2014-7-22_잠실,  : 
2014-7-22_사직, 5 : 3
2014-7-22_대전, 11 : 12
2014-7-22_광주, 3 : 5
2014-7-23_잠실,  : 
2014-7-23_사직, 15 : 12
2014-7-23_대전, 8 : 4
2014-7-23_광주, 11 : 8
2014-7-24_잠실, 7 : 0
2014-7-24_사직, 17 : 1
2014-7-24_대전, 23 : 9
2014-7-24_광주, 6 : 2
2014-7-25_잠실,  : 
2014-7-25_문학,  : 
2014-7-25_대전, 3 : 8
2014-7-25_포항, 6 : 10
2014-7-26_잠실, 2 : 6
2014-7-26_문학, 1 : 2
2014-7-26_대전, 1 : 2
2014-7-26_포항, 1 : 5
2014-7-27_잠실, 4 : 3
2014-7-27_문학, 10 : 6
2014-7-27_대전, 17 : 5
2014-7-27_포항, 1 : 3
2014-7-28_잠실, 3 : 5
2014-7-28_문학, 10 : 8
2014-7-29_마산, 3 : 7
2014-7-29_대구, 7 : 6
2014-7-29_사직, 12 : 1
2014-7-29_목동, 3 : 18
2014-7-30_마산, 4 : 5
2014-7-30_대구, 8 : 9
2014-7-30_사직, 1 : 3
2014-7-30_목동, 2 : 6
2014-7-31_마산, 1 : 9
2014-7-31_대구, 4 : 8
2014-7-31_사직, 3 : 13
2014-7-31_목동, 9 : 8
2014-8-1_잠실, 3 : 4
2014-8-1_문학, 6 : 13
2014-8-1_대전, 6 : 9
2014-8-1_광주, 6 : 4
2014-8-2_잠실, 8 : 0
2014-8-2_문학, 1 : 9
2014-8-2_대전,  : 
2014-8-2_광주,  : 
2014-8-3_잠실,  : 
2014-8-3_문학,  : 
2014-8-3_대전, 2 : 4
2014-8-3_광주,  : 
2014-8-4_잠실, 4 : 5
2014-8-4_문학,  : 
2014-8-4_대전,  : 
2014-8-4_광주,  : 
2014-8-5_잠실, 2 : 8
2014-8-5_사직, 3 : 1
2014-8-5_목동, 3 : 8
2014-8-6_잠실,  : 
2014-8-6_사직, 4 : 10
2014-8-6_목동,  : 
2014-8-7_잠실, 6 : 5
2014-8-7_마산, 9 : 8
2014-8-7_대구,  : 
2014-8-7_문학, 2 : 7
2014-8-8_잠실, 15 : 10
2014-8-8_마산, 9 : 6
2014-8-8_대구, 9 : 10
2014-8-8_문학, 3 : 2
2014-8-9_잠실, 1 : 0
2014-8-9_마산, 9 : 6
2014-8-9_목동, 9 : 8
2014-8-9_광주, 3 : 7
2014-8-10_잠실,  : 
2014-8-10_마산,  : 
2014-8-10_목동,  : 
2014-8-10_광주, 3 : 6
2014-8-11_잠실, 4 : 2
2014-8-11_마산, 2 : 7
2014-8-11_목동, 7 : 6
2014-8-12_잠실, 7 : 3
2014-8-12_사직, 10 : 1
2014-8-12_대전, 11 : 9
2014-8-12_광주, 1 : 4
2014-8-13_잠실, 8 : 5
2014-8-13_사직, 8 : 5
2014-8-13_대전,  : 
2014-8-13_광주, 4 : 3
2014-8-14_잠실,  : 
2014-8-14_문학, 2 : 1
2014-8-14_목동, 2 : 8
2014-8-14_대전, 9 : 4
2014-8-15_잠실, 2 : 3
2014-8-15_문학, 7 : 10
2014-8-15_목동, 2 : 8
2014-8-15_대전, 6 : 8
2014-8-16_잠실, 2 : 9
2014-8-16_마산, 2 : 3
2014-8-16_대구, 3 : 10
2014-8-16_광주, 9 : 6
2014-8-17_잠실, 4 : 7
2014-8-17_마산, 3 : 4
2014-8-17_대구,  : 
2014-8-17_광주,  : 
2014-8-18_대구,  : 
2014-8-18_광주,  : 
2014-8-19_문학, 12 : 6
2014-8-19_목동, 7 : 5
2014-8-19_울산, 10 : 7
2014-8-19_광주,  : 
2014-8-20_문학, 3 : 6
2014-8-20_목동, 2 : 5
2014-8-20_울산,  : 
2014-8-20_광주,  : 
2014-8-21_잠실,  : 
2014-8-21_마산, 3 : 5
2014-8-21_대구, 1 : 5
2014-8-21_대전,  : 
2014-8-22_잠실, 2 : 3
2014-8-22_마산, 1 : 2
2014-8-22_대구, 5 : 4
2014-8-22_대전, 3 : 8
2014-8-23_잠실, 9 : 7
2014-8-23_대구, 9 : 10
2014-8-23_사직, 3 : 0
2014-8-23_광주, 5 : 6
2014-8-24_잠실, 2 : 1
2014-8-24_대구, 11 : 8
2014-8-24_사직, 5 : 5
2014-8-24_광주,  : 
2014-8-25_광주, 9 : 0
2014-8-26_잠실,  : 
2014-8-26_사직, 10 : 7
2014-8-26_목동,  : 
2014-8-26_대전, 2 : 3
2014-8-27_잠실, 5 : 1
2014-8-27_사직, 4 : 11
2014-8-27_목동, 4 : 6
2014-8-27_대전, 3 : 7
2014-8-28_잠실, 5 : 6
2014-8-28_사직, 5 : 6
2014-8-28_문학, 2 : 4
2014-8-28_대전, 10 : 4
2014-8-29_잠실, 1 : 2
2014-8-29_사직, 9 : 5
2014-8-29_문학, 12 : 2
2014-8-29_대전, 9 : 10
2014-8-30_잠실, 2 : 3
2014-8-30_마산, 7 : 2
2014-8-30_대구, 7 : 4
2014-8-30_광주, 7 : 2
2014-8-31_잠실, 6 : 2
2014-8-31_마산, 10 : 6
2014-8-31_대구, 7 : 0
2014-8-31_광주, 4 : 3
2014-9-2_잠실,  : 
2014-9-2_대구, 10 : 10
2014-9-2_문학, 7 : 7
2014-9-2_광주,  : 
2014-9-3_잠실,  : 
2014-9-3_대구,  : 
2014-9-3_문학,  : 
2014-9-3_광주,  : 
2014-9-4_잠실, 3 : 3
2014-9-4_대구, 0 : 4
2014-9-4_문학, 6 : 4
2014-9-4_목동, 5 : 13
2014-9-5_잠실, 3 : 5
2014-9-5_대구, 0 : 8
2014-9-5_문학, 3 : 7
2014-9-5_목동, 1 : 10
2014-9-6_잠실, 7 : 2
2014-9-6_마산, 9 : 0
2014-9-6_목동, 10 : 5
2014-9-6_대전, 5 : 9
2014-9-7_잠실, 12 : 3
2014-9-7_마산, 3 : 6
2014-9-7_목동, 6 : 7
2014-9-7_대전, 3 : 5
2014-9-9_마산, 3 : 6
2014-9-9_사직, 10 : 8
2014-9-9_목동, 8 : 13
2014-9-9_광주, 7 : 10
2014-9-10_마산, 4 : 2
2014-9-10_사직, 5 : 11
2014-9-10_목동, 2 : 4
2014-9-10_광주, 12 : 6
2014-9-11_잠실, 6 : 11
2014-9-11_마산, 5 : 1
2014-9-11_대구, 4 : 5
2014-9-11_문학, 2 : 11
2014-9-12_잠실, 1 : 6
2014-9-12_마산, 0 : 6
2014-9-12_대구, 4 : 14
2014-9-12_문학, 0 : 3
2014-9-13_잠실, 0 : 1
2014-9-13_사직, 4 : 3
2014-9-13_문학, 11 : 4
2014-9-13_대전, 3 : 1
2014-9-14_잠실, 3 : 12
2014-9-14_사직, 3 : 4
2014-9-14_문학, 3 : 5
2014-9-14_대전, 6 : 10
2015-5-1_잠실, 3 : 1
2015-5-1_대구, 4 : 12
2015-5-1_대전, 5 : 7
2015-5-1_광주, 3 : 1
2015-5-2_잠실, 4 : 3
2015-5-2_대구, 3 : 5
2015-5-2_대전, 3 : 5
2015-5-2_광주, 2 : 5
2015-5-3_잠실, 6 : 2
2015-5-3_대구,  : 
2015-5-3_대전, 6 : 3
2015-5-3_광주,  : 
2015-5-5_잠실, 3 : 10
2015-5-5_마산, 3 : 7
2015-5-5_사직, 11 : 4
2015-5-5_목동, 4 : 9
2015-5-5_대전, 8 : 15
2015-5-6_잠실, 4 : 5
2015-5-6_마산, 4 : 5
2015-5-6_사직, 5 : 3
2015-5-6_목동, 5 : 3
2015-5-6_대전, 8 : 5
2015-5-7_잠실, 6 : 4
2015-5-7_마산, 4 : 2
2015-5-7_사직, 3 : 2
2015-5-7_목동, 13 : 4
2015-5-7_대전, 7 : 6
2015-5-8_잠실, 10 : 6
2015-5-8_마산, 3 : 4
2015-5-8_문학, 0 : 3
2015-5-8_목동, 4 : 5
2015-5-9_잠실, 3 : 4
2015-5-9_마산, 3 : 6
2015-5-9_문학, 3 : 1
2015-5-9_목동, 5 : 7
2015-5-10_잠실, 0 : 6
2015-5-10_케이티위즈파크, 6 : 2
2015-5-10_인천문학, 5 : 7
2015-5-10_마산, 2 : 6
2015-5-10_목동, 11 : 6
2015-5-12_잠실,  : 
2015-5-12_대구, 5 : 4
2015-5-12_사직, 4 : 5
2015-5-12_문학,  : 
2015-5-12_광주, 2 : 3
2015-5-13_잠실, 2 : 6
2015-5-13_대구, 0 : 3
2015-5-13_사직, 8 : 9
2015-5-13_문학, 5 : 2
2015-5-13_광주, 8 : 9
2015-5-14_잠실, 0 : 0
2015-5-14_대구, 9 : 7
2015-5-14_사직, 10 : 5
2015-5-14_문학, 8 : 9
2015-5-14_광주, 2 : 10
2015-5-15_잠실, 5 : 2
2015-5-15_대구, 7 : 5
2015-5-15_대전, 6 : 3
2015-5-15_광주,  : 
2015-5-16_잠실, 7 : 6
2015-5-16_대구, 8 : 9
2015-5-16_대전, 8 : 5
2015-5-16_광주, 7 : 5
2015-5-17_잠실, 4 : 6
2015-5-17_케이티위즈파크, 6 : 2
2015-5-17_대전한밭, 6 : 7
2015-5-17_챔피언스필드, 3 : 4
2015-5-19_잠실,  : 
2015-5-19_마산, 4 : 2
2015-5-19_사직, 3 : 6
2015-5-19_문학, 5 : 7
2015-5-19_목동, 10 : 12
2015-5-20_잠실, 25 : 6
2015-5-20_마산, 2 : 4
2015-5-20_사직, 9 : 5
2015-5-20_문학, 6 : 7
2015-5-20_목동, 4 : 9
2015-5-21_잠실, 6 : 1
2015-5-21_마산, 2 : 5
2015-5-21_사직, 2 : 4
2015-5-21_문학, 7 : 1
2015-5-21_목동, 4 : 3
2015-5-22_잠실, 3 : 4
2015-5-22_사직, 20 : 12
2015-5-22_목동, 10 : 0
2015-5-22_광주, 8 : 1
2015-5-23_잠실, 0 : 9
2015-5-23_사직, 11 : 19
2015-5-23_목동, 9 : 5
2015-5-23_광주, 0 : 1
2015-5-24_잠실, 2 : 7
2015-5-24_사직, 3 : 10
2015-5-24_목동, 12 : 11
2015-5-24_광주, 0 : 2
2015-5-26_잠실, 2 : 5
2015-5-26_마산, 2 : 13
2015-5-26_대구, 0 : 4
2015-5-26_문학, 10 : 5
2015-5-26_대전, 10 : 3
2015-5-27_잠실, 1 : 8
2015-5-27_마산, 1 : 7
2015-5-27_대구, 13 : 4
2015-5-27_문학, 0 : 6
2015-5-27_대전, 4 : 8
2015-5-28_잠실, 4 : 0
2015-5-28_마산, 0 : 5
2015-5-28_대구, 13 : 6
2015-5-28_문학, 3 : 1
2015-5-28_대전, 0 : 3
2015-5-29_잠실, 4 : 1
2015-5-29_문학, 9 : 2
2015-5-29_울산, 1 : 9
2015-5-29_광주, 3 : 13
2015-5-30_잠실, 4 : 1
2015-5-30_문학, 2 : 2
2015-5-30_울산, 4 : 3
2015-5-30_광주, 11 : 6
2015-5-31_잠실, 9 : 3
2015-5-31_문학, 3 : 2
2015-5-31_울산, 3 : 8
2015-5-31_광주, 7 : 6
2015-6-2_잠실, 9 : 1
2015-6-2_마산, 18 : 5
2015-6-2_목동, 7 : 8
2015-6-2_포항, 7 : 13
2015-6-3_잠실, 1 : 8
2015-6-3_마산, 8 : 4
2015-6-3_목동, 6 : 2
2015-6-3_포항, 1 : 8
2015-6-4_잠실, 6 : 0
2015-6-4_마산, 4 : 1
2015-6-4_목동, 2 : 15
2015-6-4_포항, 2 : 6
2015-6-5_잠실, 2 : 3
2015-6-5_마산, 6 : 1
2015-6-5_사직,  : 
2015-6-5_목동, 6 : 14
2015-6-5_대전, 5 : 6
2015-6-6_잠실, 8 : 5
2015-6-6_마산, 4 : 5
2015-6-6_사직, 2 : 1
2015-6-6_목동, 8 : 9
2015-6-6_대전, 4 : 6
2015-6-7_잠실, 3 : 0
2015-6-7_마산, 1 : 14
2015-6-7_사직, 2 : 4
2015-6-7_목동, 9 : 4
2015-6-7_대전, 4 : 3
2015-6-9_잠실, 5 : 2
2015-6-9_대구, 6 : 2
2015-6-9_사직, 7 : 2
2015-6-9_문학, 10 : 2
2015-6-9_광주, 4 : 7
2015-6-10_잠실, 1 : 5
2015-6-10_대구, 7 : 2
2015-6-10_사직, 10 : 7
2015-6-10_문학, 7 : 2
2015-6-10_광주, 4 : 3
2015-6-11_잠실, 6 : 0
2015-6-11_대구, 5 : 2
2015-6-11_사직, 16 : 6
2015-6-11_문학,  : 
2015-6-11_광주, 3 : 5
2015-6-12_잠실, 8 : 5
2015-6-12_문학, 2 : 8
2015-6-12_대전, 10 : 7
2015-6-12_광주, 10 : 2
2015-6-13_잠실, 2 : 4
2015-6-13_문학, 4 : 5
2015-6-13_대전, 1 : 8
2015-6-13_광주, 4 : 7
2015-6-14_잠실, 2 : 6
2015-6-14_케이티위즈파크, 14 : 10
2015-6-14_대전한밭, 3 : 8
2015-6-14_챔피언스필드,  : 
2015-6-14_문학, 1 : 0
2015-6-16_잠실, 4 : 3
2015-6-16_대구, 5 : 4
2015-6-16_목동, 1 : 9
2015-6-16_대전, 2 : 7
2015-6-17_잠실, 0 : 5
2015-6-17_대구, 7 : 8
2015-6-17_목동, 8 : 1
2015-6-17_대전, 7 : 6
2015-6-18_잠실, 3 : 5
2015-6-18_대구, 6 : 3
2015-6-18_목동, 0 : 6
2015-6-18_대전, 7 : 2
2015-6-19_잠실, 4 : 3
2015-6-19_마산, 3 : 4
2015-6-19_문학, 7 : 3
2015-6-19_목동, 4 : 2
2015-6-19_광주, 3 : 7
2015-6-20_잠실,  : 
2015-6-20_마산, 1 : 4
2015-6-20_문학,  : 
2015-6-20_목동,  : 
2015-6-20_광주,  : 
2015-6-21_잠실, 0 : 10
2015-6-21_마산, 0 : 6
2015-6-21_문학, 4 : 3
2015-6-21_목동, 3 : 4
2015-6-21_광주, 0 : 7
2015-6-23_잠실, 1 : 10
2015-6-23_마산, 7 : 4
2015-6-23_사직, 12 : 4
2015-6-23_대전, 1 : 3
2015-6-24_잠실, 7 : 5
2015-6-24_마산, 1 : 8
2015-6-24_사직, 9 : 13
2015-6-24_대전,  : 
2015-6-25_잠실, 8 : 7
2015-6-25_마산,  : 
2015-6-25_사직,  : 
2015-6-25_대전,  : 
2015-6-26_잠실, 6 : 3
2015-6-26_대구, 3 : 8
2015-6-26_사직, 2 : 8
2015-6-26_문학, 6 : 0
2015-6-26_광주, 9 : 1
2015-6-27_잠실, 5 : 9
2015-6-27_대구, 2 : 7
2015-6-27_사직, 8 : 3
2015-6-27_문학, 6 : 8
2015-6-27_광주, 9 : 4
2015-6-28_잠실, 1 : 4
2015-6-28_대구, 8 : 3
2015-6-28_사직, 7 : 1
2015-6-28_문학, 6 : 3
2015-6-28_광주, 1 : 2
2015-6-30_잠실,  : 
2015-6-30_마산,  : 
2015-6-30_문학,  : 
2015-6-30_목동,  : 
2015-6-30_광주,  : 
2015-7-1_잠실, 4 : 8
2015-7-1_마산, 4 : 3
2015-7-1_문학, 4 : 2
2015-7-1_목동, 13 : 10
2015-7-1_광주, 1 : 6
2015-7-2_잠실, 7 : 2
2015-7-2_마산, 2 : 3
2015-7-2_문학, 2 : 5
2015-7-2_목동, 0 : 2
2015-7-2_광주, 14 : 7
2015-7-3_잠실, 7 : 8
2015-7-3_대구, 8 : 12
2015-7-3_사직, 8 : 7
2015-7-3_대전, 6 : 7
2015-7-4_잠실, 9 : 5
2015-7-4_대구, 3 : 10
2015-7-4_사직, 2 : 7
2015-7-4_대전, 6 : 7
2015-7-5_잠실, 6 : 5
2015-7-5_대구, 4 : 12
2015-7-5_사직, 5 : 1
2015-7-5_대전,  : 
2015-7-7_잠실, 7 : 6
2015-7-7_마산,  : 
2015-7-7_대구,  : 
2015-7-7_목동, 3 : 1
2015-7-7_대전,  : 
2015-7-8_잠실, 0 : 1
2015-7-8_마산,  : 
2015-7-8_대구,  : 
2015-7-8_목동, 3 : 4
2015-7-8_대전, 9 : 4
2015-7-9_잠실, 1 : 2
2015-7-9_마산, 0 : 11
2015-7-9_대구, 1 : 2
2015-7-9_목동, 4 : 16
2015-7-9_대전, 6 : 5
2015-7-10_잠실, 8 : 5
2015-7-10_사직, 6 : 5
2015-7-10_문학, 4 : 7
2015-7-10_목동, 4 : 1
2015-7-11_잠실, 5 : 3
2015-7-11_사직,  : 
2015-7-11_문학, 0 : 4
2015-7-11_목동, 16 : 5
2015-7-12_잠실,  : 
2015-7-12_사직,  : 
2015-7-12_문학,  : 
2015-7-12_목동,  : 
2015-7-14_잠실, 8 : 1
2015-7-14_마산, 4 : 9
2015-7-14_포항, 10 : 6
2015-7-14_광주, 3 : 2
2015-7-15_잠실, 0 : 11
2015-7-15_마산, 7 : 6
2015-7-15_포항, 4 : 7
2015-7-15_광주,  : 
2015-7-16_잠실, 0 : 3
2015-7-16_마산, 2 : 2
2015-7-16_포항, 13 : 17
2015-7-16_광주, 1 : 15
2015-7-21_잠실, 4 : 1
2015-7-21_대구, 2 : 1
2015-7-21_문학, 4 : 8
2015-7-21_울산, 1 : 2
2015-7-22_잠실, 3 : 5
2015-7-22_대구, 10 : 14
2015-7-22_문학, 11 : 4
2015-7-22_울산, 3 : 2
2015-7-23_잠실,  : 
2015-7-23_대구, 7 : 2
2015-7-23_문학, 5 : 6
2015-7-23_울산, 11 : 9
2015-7-24_잠실,  : 
2015-7-24_마산, 9 : 3
2015-7-24_목동,  : 
2015-7-24_대전, 8 : 3
2015-7-24_광주, 8 : 9
2015-7-25_잠실,  : 
2015-7-25_마산, 5 : 8
2015-7-25_목동,  : 
2015-7-25_대전, 1 : 2
2015-7-25_광주, 7 : 1
2015-7-26_잠실, 0 : 9
2015-7-26_마산, 7 : 5
2015-7-26_목동, 4 : 14
2015-7-26_대전, 8 : 2
2015-7-26_광주, 4 : 2
2015-7-28_잠실, 10 : 2
2015-7-28_대구, 1 : 2
2015-7-28_사직, 0 : 3
2015-7-28_목동, 4 : 8
2015-7-28_광주, 3 : 6
2015-7-29_잠실, 2 : 8
2015-7-29_대구, 7 : 12
2015-7-29_사직, 2 : 3
2015-7-29_목동, 4 : 6
2015-7-29_광주, 4 : 5
2015-7-30_잠실, 5 : 2
2015-7-30_대구, 7 : 10
2015-7-30_사직, 8 : 5
2015-7-30_목동, 6 : 10
2015-7-30_광주, 4 : 5
2015-7-31_잠실, 11 : 4
2015-7-31_마산, 7 : 4
2015-7-31_문학, 1 : 3
2015-7-31_대전, 12 : 4
2015-8-1_잠실, 7 : 3
2015-8-1_마산, 3 : 4
2015-8-1_문학, 8 : 4
2015-8-1_대전, 9 : 8
2015-8-2_잠실, 1 : 3
2015-8-2_마산, 4 : 5
2015-8-2_문학, 2 : 8
2015-8-2_대전, 3 : 2
2015-8-4_잠실, 8 : 1
2015-8-4_문학, 2 : 9
2015-8-4_목동, 6 : 11
2015-8-4_울산, 3 : 0
2015-8-5_잠실, 6 : 2
2015-8-5_문학, 3 : 7
2015-8-5_목동, 2 : 3
2015-8-5_울산, 6 : 8
2015-8-6_잠실, 5 : 15
2015-8-6_마산, 3 : 8
2015-8-6_대전, 1 : 4
2015-8-6_포항, 8 : 14
2015-8-6_광주, 7 : 2
2015-8-7_잠실, 10 : 14
2015-8-7_마산, 0 : 13
2015-8-7_대전, 6 : 5
2015-8-7_포항, 4 : 17
2015-8-7_광주, 5 : 6
2015-8-8_잠실, 4 : 3
2015-8-8_마산, 2 : 9
2015-8-8_대구,  : 
2015-8-8_문학, 8 : 11
2015-8-8_대전, 4 : 6
2015-8-9_잠실, 1 : 9
2015-8-9_마산, 9 : 2
2015-8-9_대구, 2 : 3
2015-8-9_문학, 10 : 4
2015-8-9_대전, 1 : 2
2015-8-10_대구, 12 : 3
2015-8-11_잠실, 3 : 7
2015-8-11_사직, 6 : 11
2015-8-11_목동, 9 : 8
2015-8-11_광주,  : 
2015-8-12_잠실, 4 : 1
2015-8-12_사직,  : 
2015-8-12_목동, 9 : 6
2015-8-12_광주, 3 : 10
2015-8-13_잠실, 1 : 7
2015-8-13_문학, 16 : 7
2015-8-13_목동, 4 : 9
2015-8-13_광주, 5 : 2
2015-8-14_잠실, 3 : 2
2015-8-14_문학, 2 : 8
2015-8-14_목동, 2 : 8
2015-8-14_광주, 1 : 13
2015-8-15_잠실, 2 : 1
2015-8-15_마산, 4 : 5
2015-8-15_문학, 5 : 4
2015-8-15_목동, 4 : 3
2015-8-15_포항, 4 : 5
2015-8-16_잠실,  : 
2015-8-16_마산, 7 : 2
2015-8-16_문학,  : 
2015-8-16_목동,  : 
2015-8-16_포항, 5 : 6
2015-8-17_잠실, 2 : 3
2015-8-17_문학, 5 : 1
2015-8-17_목동, 5 : 9
2015-8-18_잠실, 12 : 2
2015-8-18_사직, 4 : 7
2015-8-18_대전, 2 : 1
2015-8-18_광주, 2 : 4
2015-8-19_잠실, 6 : 4
2015-8-19_사직, 2 : 7
2015-8-19_대전, 6 : 0
2015-8-19_광주, 0 : 2
2015-8-20_잠실, 2 : 4
2015-8-20_대구,  : 
2015-8-20_사직,  : 
2015-8-20_목동, 3 : 4
2015-8-20_대전, 8 : 3
2015-8-21_잠실, 2 : 1
2015-8-21_대구, 6 : 3
2015-8-21_사직, 1 : 9
2015-8-21_목동, 8 : 3
2015-8-21_대전, 3 : 8
2015-8-22_잠실, 3 : 4
2015-8-22_대구, 4 : 15
2015-8-22_문학, 3 : 0
2015-8-22_광주, 3 : 0
2015-8-23_잠실, 4 : 5
2015-8-23_대구, 15 : 0
2015-8-23_문학, 5 : 1
2015-8-23_광주, 4 : 9
2015-8-25_잠실,  : 
2015-8-25_마산,  : 
2015-8-25_문학, 1 : 0
2015-8-25_목동,  : 
2015-8-25_대전,  : 
2015-8-26_잠실, 3 : 5
2015-8-26_마산, 6 : 1
2015-8-26_문학, 4 : 5
2015-8-26_목동, 1 : 9
2015-8-26_대전, 9 : 10
2015-8-27_잠실, 6 : 3
2015-8-27_마산, 1 : 4
2015-8-27_대구, 6 : 7
2015-8-27_사직, 3 : 8
2015-8-28_잠실, 4 : 0
2015-8-28_마산, 8 : 5
2015-8-28_대구, 5 : 3
2015-8-28_사직, 9 : 5
2015-8-29_잠실, 1 : 6
2015-8-29_대구, 8 : 4
2015-8-29_사직, 7 : 4
2015-8-29_광주, 14 : 7
2015-8-30_잠실, 4 : 5
2015-8-30_대구, 9 : 15
2015-8-30_사직, 6 : 4
2015-8-30_광주, 7 : 2
2015-9-1_잠실, 5 : 6
2015-9-1_마산, 7 : 6
2015-9-1_목동, 2 : 11
2015-9-1_울산, 5 : 6
2015-9-2_잠실, 3 : 6
2015-9-2_마산, 13 : 0
2015-9-2_목동, 8 : 9
2015-9-2_울산, 1 : 5
2015-9-3_잠실, 3 : 1
2015-9-3_마산, 4 : 15
2015-9-3_문학, 14 : 2
2015-9-3_대전, 12 : 7
2015-9-3_광주, 7 : 5
2015-9-4_잠실, 1 : 8
2015-9-4_마산, 5 : 2
2015-9-4_문학, 1 : 9
2015-9-4_대전, 6 : 5
2015-9-4_광주, 4 : 1
2015-9-5_잠실, 9 : 4
2015-9-5_대구, 4 : 0
2015-9-5_문학, 7 : 0
2015-9-5_대전, 1 : 9
2015-9-6_잠실, 1 : 1
2015-9-6_대구, 3 : 9
2015-9-6_문학, 3 : 7
2015-9-6_대전, 4 : 5
2015-9-8_잠실, 7 : 8
2015-9-8_대구, 1 : 4
2015-9-8_문학, 10 : 4
2015-9-8_목동, 3 : 11
2015-9-8_광주, 5 : 1
2015-9-9_잠실, 1 : 8
2015-9-9_대구, 5 : 6
2015-9-9_문학, 2 : 3
2015-9-9_목동, 5 : 10
2015-9-9_광주, 2 : 6
2015-9-10_잠실, 5 : 3
2015-9-10_마산, 5 : 4
2015-9-10_사직, 3 : 4
2015-9-10_대전, 8 : 1
2015-9-11_잠실,  : 
2015-9-11_마산, 3 : 9
2015-9-11_사직, 9 : 7
2015-9-11_대전, 9 : 4
2015-9-12_잠실, 11 : 1
2015-9-12_마산, 2 : 5
2015-9-12_사직, 2 : 11
2015-9-12_목동, 2 : 3
2015-9-12_광주, 3 : 7
2015-9-13_잠실, 3 : 4
2015-9-13_마산, 11 : 12
2015-9-13_사직, 7 : 4
2015-9-13_목동, 7 : 4
2015-9-13_광주, 5 : 2
2015-9-15_잠실, 8 : 2
2015-9-15_마산, 3 : 11
2015-9-15_대구, 6 : 3
2015-9-15_광주, 7 : 3
2015-9-16_잠실, 9 : 7
2015-9-16_마산,  : 
2015-9-16_대구, 7 : 5
2015-9-16_목동, 4 : 1
2015-9-16_광주, 3 : 4
2015-9-17_잠실, 0 : 13
2015-9-17_대구, 5 : 10
2015-9-17_대전, 11 : 7
2015-9-17_광주, 3 : 1
2015-9-18_대구, 4 : 10
2015-9-18_사직, 3 : 1
2015-9-18_대전, 15 : 2
2015-9-19_잠실, 7 : 5
2015-9-19_문학, 4 : 8
2015-9-19_대전, 6 : 7
2015-9-20_잠실, 3 : 7
2015-9-20_마산, 3 : 9
2015-9-20_사직, 17 : 13
2015-9-20_문학, 2 : 9
2015-9-20_대전, 16 : 4
2015-9-21_잠실, 4 : 1
2015-9-21_마산, 4 : 1
2015-9-21_문학, 7 : 0
2015-9-22_대구, 0 : 2
2015-9-22_사직, 6 : 5
2015-9-22_광주, 15 : 5
2015-9-23_마산,  : 
2015-9-23_사직,  : 
2015-9-23_목동, 0 : 10
2015-9-23_광주,  : 
2015-9-24_마산, 5 : 16
2015-9-24_목동, 12 : 4
2015-9-25_잠실, 10 : 4
2015-9-25_마산, 5 : 4
2015-9-25_문학, 3 : 4
2015-9-25_대전, 0 : 4
2015-9-26_잠실, 3 : 14
2015-9-26_대전, 3 : 13
2015-9-26_광주, 5 : 7
2015-9-27_잠실, 10 : 3
2015-9-27_마산, 4 : 2
2015-9-27_목동, 3 : 4
2015-9-28_잠실, 4 : 8
2015-9-28_마산, 0 : 6
2015-9-28_문학, 2 : 15
2015-9-29_사직, 6 : 4
2015-9-29_문학, 0 : 10
2015-9-29_목동, 6 : 5
2015-9-29_대전, 6 : 7
2015-9-30_잠실, 17 : 5
2015-9-30_사직, 13 : 1
2015-9-30_문학, 1 : 8
2015-9-30_대전, 6 : 18
2016-5-1_부산사직, 5 : 2
2016-5-1_고척돔, 1 : 11
2016-5-1_잠실, 2 : 4
2016-5-1_대전한밭, 8 : 9
2016-5-1_챔피언스필드, 4 : 1
2016-5-2_잠실,  : 
2016-5-3_잠실,  : 
2016-5-3_케이티위즈파크,  : 
2016-5-3_챔피언스필드, 2 : 3
2016-5-3_라이온즈파크, 5 : 0
2016-5-3_인천문학, 7 : 2
2016-5-4_잠실, 17 : 1
2016-5-4_케이티위즈파크, 8 : 6
2016-5-4_챔피언스필드, 2 : 3
2016-5-4_라이온즈파크, 6 : 3
2016-5-4_인천문학, 1 : 5
2016-5-5_잠실, 7 : 8
2016-5-5_케이티위즈파크, 15 : 2
2016-5-5_챔피언스필드, 1 : 17
2016-5-5_라이온즈파크, 2 : 5
2016-5-5_인천문학, 6 : 19
2016-5-6_고척돔, 6 : 15
2016-5-6_잠실, 7 : 0
2016-5-6_케이티위즈파크, 3 : 10
2016-5-6_라이온즈파크, 4 : 5
2016-5-6_마산, 2 : 13
2016-5-7_고척돔, 3 : 4
2016-5-7_잠실, 5 : 0
2016-5-7_케이티위즈파크, 10 : 17
2016-5-7_라이온즈파크, 6 : 3
2016-5-7_마산, 1 : 4
2016-5-8_고척돔, 6 : 7
2016-5-8_잠실, 17 : 11
2016-5-8_케이티위즈파크, 4 : 7
2016-5-8_라이온즈파크, 7 : 8
2016-5-8_마산, 5 : 11
2016-5-10_부산사직,  : 
2016-5-10_잠실, 9 : 3
2016-5-10_대전한밭,  : 
2016-5-10_챔피언스필드,  : 
2016-5-10_인천문학, 11 : 7
2016-5-11_부산사직, 16 : 2
2016-5-11_잠실, 2 : 16
2016-5-11_대전한밭, 5 : 6
2016-5-11_챔피언스필드, 3 : 8
2016-5-11_인천문학, 7 : 3
2016-5-12_부산사직, 1 : 8
2016-5-12_잠실, 7 : 5
2016-5-12_대전한밭, 12 : 1
2016-5-12_챔피언스필드, 6 : 10
2016-5-12_인천문학, 2 : 5
2016-5-13_고척돔, 8 : 4
2016-5-13_잠실, 1 : 2
2016-5-13_챔피언스필드, 2 : 4
2016-5-13_라이온즈파크, 14 : 8
2016-5-13_마산, 5 : 4
2016-5-14_고척돔, 12 : 2
2016-5-14_잠실, 3 : 12
2016-5-14_챔피언스필드, 0 : 8
2016-5-14_라이온즈파크, 4 : 10
2016-5-14_마산, 6 : 3
2016-5-15_고척돔, 5 : 3
2016-5-15_잠실,  : 
2016-5-15_챔피언스필드, 7 : 8
2016-5-15_라이온즈파크, 8 : 3
2016-5-15_마산, 2 : 2
2016-5-17_고척돔, 3 : 5
2016-5-17_잠실, 3 : 4
2016-5-17_케이티위즈파크, 9 : 7
2016-5-17_인천문학, 3 : 7
2016-5-17_포항, 4 : 5
2016-5-18_고척돔, 6 : 9
2016-5-18_잠실, 5 : 15
2016-5-18_케이티위즈파크, 6 : 2
2016-5-18_인천문학, 3 : 5
2016-5-18_포항, 2 : 13
2016-5-19_고척돔, 6 : 2
2016-5-19_잠실, 3 : 8
2016-5-19_케이티위즈파크, 4 : 0
2016-5-19_인천문학, 4 : 3
2016-5-19_포항, 9 : 6
2016-5-20_부산사직, 19 : 5
2016-5-20_잠실, 3 : 4
2016-5-20_대전한밭, 2 : 11
2016-5-20_챔피언스필드, 4 : 5
2016-5-20_마산, 12 : 2
2016-5-21_부산사직, 6 : 4
2016-5-21_잠실, 7 : 5
2016-5-21_대전한밭, 8 : 8
2016-5-21_챔피언스필드, 8 : 7
2016-5-21_마산, 2 : 10
2016-5-22_부산사직, 4 : 10
2016-5-22_잠실, 4 : 5
2016-5-22_대전한밭, 18 : 7
2016-5-22_챔피언스필드, 4 : 7
2016-5-22_마산, 8 : 9
2016-5-24_고척돔, 1 : 2
2016-5-24_잠실, 5 : 8
2016-5-24_라이온즈파크, 4 : 2
2016-5-24_마산,  : 
2016-5-24_울산,  : 
2016-5-25_고척돔, 8 : 9
2016-5-25_잠실, 10 : 13
2016-5-25_라이온즈파크, 3 : 6
2016-5-25_마산, 0 : 5
2016-5-25_울산, 1 : 2
2016-5-26_고척돔, 7 : 6
2016-5-26_잠실, 3 : 6
2016-5-26_라이온즈파크, 9 : 2
2016-5-26_마산, 9 : 6
2016-5-26_울산, 4 : 7
2016-5-27_잠실, 1 : 5
2016-5-27_케이티위즈파크, 0 : 8
2016-5-27_대전한밭, 7 : 11
2016-5-27_챔피언스필드, 13 : 7
2016-5-27_인천문학, 2 : 8
2016-5-28_잠실, 2 : 3
2016-5-28_케이티위즈파크, 3 : 1
2016-5-28_대전한밭, 6 : 9
2016-5-28_챔피언스필드, 13 : 5
2016-5-28_인천문학, 15 : 1
2016-5-29_잠실, 16 : 8
2016-5-29_케이티위즈파크, 5 : 2
2016-5-29_대전한밭, 2 : 9
2016-5-29_챔피언스필드, 9 : 8
2016-5-29_인천문학, 9 : 6
2016-5-31_부산사직, 5 : 9
2016-5-31_고척돔, 4 : 1
2016-5-31_잠실, 6 : 6
2016-5-31_대전한밭, 4 : 8
2016-5-31_마산, 6 : 5
2016-6-1_부산사직, 0 : 2
2016-6-1_고척돔, 4 : 6
2016-6-1_잠실, 5 : 1
2016-6-1_대전한밭, 7 : 2
2016-6-1_마산, 1 : 5
2016-6-2_부산사직, 2 : 1
2016-6-2_고척돔, 14 : 6
2016-6-2_잠실, 1 : 9
2016-6-2_대전한밭, 1 : 4
2016-6-2_마산, 3 : 4
2016-6-3_부산사직, 5 : 3
2016-6-3_잠실, 1 : 4
2016-6-3_케이티위즈파크, 2 : 3
2016-6-3_챔피언스필드, 9 : 1
2016-6-3_라이온즈파크, 4 : 3
2016-6-4_부산사직,  : 
2016-6-4_잠실, 6 : 7
2016-6-4_케이티위즈파크, 13 : 4
2016-6-4_챔피언스필드,  : 
2016-6-4_라이온즈파크, 8 : 7
2016-6-5_부산사직, 14 : 7
2016-6-5_잠실, 0 : 7
2016-6-5_케이티위즈파크, 2 : 10
2016-6-5_챔피언스필드, 4 : 3
2016-6-5_라이온즈파크, 6 : 5
2016-6-7_잠실, 8 : 5
2016-6-7_케이티위즈파크, 9 : 1
2016-6-7_대전한밭, 3 : 5
2016-6-7_인천문학, 9 : 6
2016-6-7_마산, 1 : 5
2016-6-8_잠실, 6 : 12
2016-6-8_케이티위즈파크, 4 : 5
2016-6-8_대전한밭, 3 : 5
2016-6-8_인천문학, 3 : 2
2016-6-8_마산, 3 : 7
2016-6-9_잠실, 4 : 10
2016-6-9_케이티위즈파크, 7 : 4
2016-6-9_대전한밭, 12 : 1
2016-6-9_인천문학, 5 : 6
2016-6-9_마산, 4 : 16
2016-6-10_고척돔, 6 : 4
2016-6-10_잠실, 3 : 5
2016-6-10_대전한밭, 1 : 2
2016-6-10_챔피언스필드, 0 : 4
2016-6-10_인천문학, 6 : 2
2016-6-11_고척돔, 2 : 3
2016-6-11_잠실, 10 : 8
2016-6-11_대전한밭, 5 : 3
2016-6-11_챔피언스필드, 5 : 4
2016-6-11_인천문학, 7 : 6
2016-6-12_고척돔, 1 : 11
2016-6-12_잠실, 4 : 5
2016-6-12_대전한밭, 5 : 6
2016-6-12_챔피언스필드, 10 : 7
2016-6-12_인천문학, 11 : 8
2016-6-14_고척돔, 6 : 9
2016-6-14_잠실, 10 : 7
2016-6-14_케이티위즈파크, 3 : 5
2016-6-14_챔피언스필드, 8 : 6
2016-6-14_라이온즈파크, 4 : 1
2016-6-15_고척돔, 11 : 6
2016-6-15_잠실,  : 
2016-6-15_케이티위즈파크,  : 
2016-6-15_챔피언스필드, 7 : 4
2016-6-15_라이온즈파크, 13 : 3
2016-6-16_고척돔, 7 : 10
2016-6-16_잠실, 3 : 0
2016-6-16_케이티위즈파크, 4 : 7
2016-6-16_챔피언스필드, 13 : 4
2016-6-16_라이온즈파크, 11 : 3
2016-6-17_부산사직, 12 : 1
2016-6-17_잠실, 6 : 3
2016-6-17_케이티위즈파크, 11 : 1
2016-6-17_라이온즈파크, 2 : 5
2016-6-18_부산사직, 4 : 0
2016-6-18_잠실, 1 : 7
2016-6-18_케이티위즈파크, 7 : 3
2016-6-18_라이온즈파크, 6 : 5
2016-6-19_부산사직, 3 : 10
2016-6-19_잠실, 9 : 5
2016-6-19_케이티위즈파크, 15 : 7
2016-6-19_라이온즈파크, 3 : 1
2016-6-21_고척돔, 8 : 12
2016-6-21_잠실, 1 : 12
2016-6-21_챔피언스필드, 6 : 9
2016-6-21_인천문학, 9 : 5
2016-6-21_마산, 8 : 2
2016-6-22_고척돔, 1 : 4
2016-6-22_잠실,  : 
2016-6-22_챔피언스필드, 18 : 5
2016-6-22_인천문학, 2 : 10
2016-6-22_마산,  : 
2016-6-23_고척돔, 4 : 0
2016-6-23_잠실, 9 : 4
2016-6-23_챔피언스필드, 2 : 6
2016-6-23_인천문학, 2 : 10
2016-6-23_마산, 3 : 3
2016-6-24_잠실, 7 : 9
2016-6-24_대전한밭, 4 : 2
2016-6-24_라이온즈파크, 5 : 4
2016-6-24_인천문학, 3 : 5
2016-6-24_마산, 6 : 2
2016-6-25_잠실, 8 : 6
2016-6-25_대전한밭, 1 : 8
2016-6-25_라이온즈파크, 13 : 8
2016-6-25_인천문학, 8 : 6
2016-6-25_마산, 9 : 0
2016-6-26_잠실, 1 : 2
2016-6-26_대전한밭, 12 : 4
2016-6-26_라이온즈파크, 8 : 11
2016-6-26_인천문학, 5 : 6
2016-6-26_마산, 15 : 4
2016-6-28_부산사직, 4 : 7
2016-6-28_고척돔, 13 : 3
2016-6-28_잠실, 3 : 12
2016-6-28_케이티위즈파크, 11 : 1
2016-6-28_챔피언스필드, 2 : 11
2016-6-29_부산사직, 4 : 5
2016-6-29_고척돔, 4 : 7
2016-6-29_잠실, 10 : 4
2016-6-29_케이티위즈파크, 7 : 4
2016-6-29_챔피언스필드, 4 : 5
2016-6-30_부산사직, 6 : 7
2016-6-30_고척돔, 5 : 11
2016-6-30_잠실, 0 : 4
2016-6-30_케이티위즈파크, 5 : 10
2016-6-30_챔피언스필드, 10 : 9
2016-7-1_부산사직,  : 
2016-7-1_고척돔, 7 : 10
2016-7-1_잠실,  : 
2016-7-1_대전한밭,  : 
2016-7-1_마산,  : 
2016-7-2_부산사직,  : 
2016-7-2_고척돔, 5 : 8
2016-7-2_잠실, 4 : 2
2016-7-2_대전한밭, 4 : 1
2016-7-2_마산,  : 
2016-7-3_부산사직,  : 
2016-7-3_고척돔, 6 : 7
2016-7-3_잠실, 9 : 7
2016-7-3_대전한밭,  : 
2016-7-3_마산,  : 
2016-7-5_잠실,  : 
2016-7-5_케이티위즈파크,  : 
2016-7-5_라이온즈파크, 3 : 7
2016-7-5_인천문학,  : 
2016-7-5_마산,  : 
2016-7-6_잠실, 6 : 5
2016-7-6_케이티위즈파크, 7 : 0
2016-7-6_라이온즈파크,  : 
2016-7-6_인천문학, 13 : 2
2016-7-6_마산, 3 : 12
2016-7-7_잠실, 1 : 4
2016-7-7_케이티위즈파크, 5 : 2
2016-7-7_라이온즈파크, 11 : 12
2016-7-7_인천문학, 14 : 4
2016-7-7_마산, 4 : 8
2016-7-8_부산사직, 5 : 8
2016-7-8_고척돔, 11 : 9
2016-7-8_잠실, 12 : 6
2016-7-8_대전한밭, 3 : 6
2016-7-8_인천문학, 3 : 8
2016-7-9_부산사직, 12 : 13
2016-7-9_고척돔, 4 : 7
2016-7-9_잠실, 6 : 7
2016-7-9_대전한밭, 4 : 4
2016-7-9_인천문학, 8 : 6
2016-7-10_부산사직, 6 : 0
2016-7-10_고척돔, 7 : 9
2016-7-10_잠실, 13 : 3
2016-7-10_대전한밭, 6 : 10
2016-7-10_인천문학, 7 : 6
2016-7-12_잠실, 4 : 5
2016-7-12_케이티위즈파크, 7 : 5
2016-7-12_챔피언스필드, 7 : 3
2016-7-12_마산, 9 : 5
2016-7-12_포항, 4 : 8
2016-7-13_잠실, 7 : 5
2016-7-13_케이티위즈파크, 11 : 8
2016-7-13_챔피언스필드, 3 : 4
2016-7-13_마산, 2 : 6
2016-7-13_포항, 13 : 12
2016-7-14_잠실, 7 : 4
2016-7-14_케이티위즈파크, 10 : 5
2016-7-14_챔피언스필드, 11 : 4
2016-7-14_마산, 3 : 4
2016-7-14_포항, 4 : 2
2016-7-15_고척돔,  : 
2016-7-16_고척돔,  : 
2016-7-19_부산사직, 6 : 1
2016-7-19_고척돔, 12 : 6
2016-7-19_잠실, 1 : 3
2016-7-19_대전한밭, 7 : 17
2016-7-19_마산, 5 : 4
2016-7-20_부산사직, 6 : 9
2016-7-20_고척돔, 3 : 7
2016-7-20_잠실, 5 : 4
2016-7-20_대전한밭, 4 : 1
2016-7-20_마산, 2 : 4
2016-7-21_부산사직, 1 : 10
2016-7-21_고척돔, 4 : 7
2016-7-21_잠실, 6 : 3
2016-7-21_대전한밭, 1 : 8
2016-7-21_마산, 4 : 7
2016-7-22_부산사직, 2 : 10
2016-7-22_잠실, 14 : 3
2016-7-22_케이티위즈파크, 6 : 7
2016-7-22_챔피언스필드, 4 : 9
2016-7-22_인천문학, 6 : 7
2016-7-23_부산사직, 6 : 7
2016-7-23_잠실, 7 : 9
2016-7-23_케이티위즈파크, 12 : 2
2016-7-23_챔피언스필드, 5 : 0
2016-7-23_인천문학, 10 : 2
2016-7-24_부산사직, 8 : 1
2016-7-24_잠실, 3 : 2
2016-7-24_케이티위즈파크, 1 : 2
2016-7-24_챔피언스필드, 8 : 2
2016-7-24_인천문학, 3 : 4
2016-7-26_고척돔, 7 : 1
2016-7-26_잠실, 12 : 10
2016-7-26_대전한밭, 9 : 4
2016-7-26_챔피언스필드, 0 : 13
2016-7-26_라이온즈파크, 5 : 4
2016-7-27_고척돔, 4 : 9
2016-7-27_잠실, 1 : 7
2016-7-27_대전한밭, 0 : 8
2016-7-27_챔피언스필드, 3 : 8
2016-7-27_라이온즈파크, 6 : 10
2016-7-28_고척돔, 1 : 12
2016-7-28_잠실, 2 : 5
2016-7-28_대전한밭, 8 : 12
2016-7-28_챔피언스필드, 3 : 9
2016-7-28_라이온즈파크, 9 : 5
2016-7-29_잠실, 9 : 8
2016-7-29_케이티위즈파크, 11 : 12
2016-7-29_라이온즈파크, 5 : 6
2016-7-29_인천문학, 14 : 8
2016-7-29_마산, 2 : 1
2016-7-30_잠실, 10 : 9
2016-7-30_케이티위즈파크, 3 : 4
2016-7-30_라이온즈파크,  : 
2016-7-30_인천문학, 2 : 1
2016-7-30_마산, 13 : 5
2016-7-31_잠실, 4 : 10
2016-7-31_케이티위즈파크, 2 : 3
2016-7-31_라이온즈파크,  : 
2016-7-31_인천문학, 6 : 5
2016-7-31_마산, 8 : 10
2016-8-2_부산사직,  : 
2016-8-2_잠실, 1 : 12
2016-8-2_챔피언스필드, 9 : 10
2016-8-2_인천문학,  : 
2016-8-2_마산,  : 
2016-8-3_부산사직, 5 : 6
2016-8-3_잠실, 7 : 5
2016-8-3_챔피언스필드, 8 : 1
2016-8-3_인천문학, 4 : 8
2016-8-3_마산,  : 
2016-8-4_부산사직, 5 : 4
2016-8-4_잠실, 6 : 5
2016-8-4_챔피언스필드, 5 : 7
2016-8-4_인천문학, 6 : 5
2016-8-4_마산, 2 : 9
2016-8-5_부산사직, 2 : 5
2016-8-5_고척돔, 7 : 5
2016-8-5_잠실, 1 : 12
2016-8-5_대전한밭, 4 : 14
2016-8-5_라이온즈파크, 5 : 8
2016-8-6_부산사직, 1 : 11
2016-8-6_고척돔, 7 : 6
2016-8-6_잠실, 1 : 4
2016-8-6_대전한밭, 11 : 3
2016-8-6_라이온즈파크, 13 : 6
2016-8-7_부산사직, 12 : 7
2016-8-7_고척돔, 1 : 4
2016-8-7_잠실, 4 : 10
2016-8-7_대전한밭, 3 : 8
2016-8-7_라이온즈파크, 7 : 11
2016-8-9_잠실, 4 : 11
2016-8-9_케이티위즈파크, 6 : 2
2016-8-9_대전한밭, 6 : 9
2016-8-9_인천문학, 9 : 4
2016-8-9_마산, 0 : 13
2016-8-10_잠실, 12 : 4
2016-8-10_케이티위즈파크, 5 : 1
2016-8-10_대전한밭, 16 : 7
2016-8-10_인천문학, 5 : 3
2016-8-10_마산, 5 : 7
2016-8-11_고척돔, 7 : 8
2016-8-11_잠실, 2 : 4
2016-8-11_라이온즈파크, 6 : 1
2016-8-11_인천문학, 3 : 10
2016-8-11_울산, 3 : 2
2016-8-12_고척돔, 8 : 2
2016-8-12_잠실, 5 : 6
2016-8-12_라이온즈파크, 8 : 7
2016-8-12_인천문학, 5 : 9
2016-8-12_울산, 3 : 4
2016-8-13_잠실, 0 : 8
2016-8-13_챔피언스필드, 4 : 6
2016-8-13_라이온즈파크, 5 : 8
2016-8-13_인천문학, 3 : 4
2016-8-13_마산, 2 : 3
2016-8-14_잠실, 1 : 6
2016-8-14_챔피언스필드, 3 : 2
2016-8-14_라이온즈파크, 2 : 6
2016-8-14_인천문학, 5 : 6
2016-8-14_마산, 6 : 5
2016-8-16_고척돔, 1 : 8
2016-8-16_잠실, 4 : 11
2016-8-16_챔피언스필드, 7 : 4
2016-8-16_마산, 12 : 5
2016-8-17_고척돔, 0 : 7
2016-8-17_잠실, 10 : 6
2016-8-17_챔피언스필드,  : 
2016-8-17_마산, 5 : 9
2016-8-18_부산사직, 3 : 4
2016-8-18_고척돔, 4 : 6
2016-8-18_잠실, 8 : 5
2016-8-18_케이티위즈파크, 13 : 5
2016-8-18_인천문학, 9 : 5
2016-8-19_부산사직, 10 : 9
2016-8-19_고척돔, 7 : 0
2016-8-19_잠실, 2 : 3
2016-8-19_케이티위즈파크, 13 : 6
2016-8-19_인천문학, 8 : 3
2016-8-20_부산사직, 3 : 2
2016-8-20_고척돔, 5 : 6
2016-8-20_잠실, 3 : 13
2016-8-20_케이티위즈파크, 9 : 10
2016-8-20_챔피언스필드, 2 : 3
2016-8-21_부산사직, 3 : 4
2016-8-21_고척돔, 0 : 2
2016-8-21_잠실, 9 : 4
2016-8-21_케이티위즈파크, 12 : 6
2016-8-21_챔피언스필드, 9 : 8
2016-8-23_잠실, 6 : 5
2016-8-23_대전한밭,  : 
2016-8-23_라이온즈파크, 8 : 9
2016-8-23_마산, 1 : 12
2016-8-23_울산, 4 : 8
2016-8-24_잠실, 6 : 18
2016-8-24_대전한밭, 12 : 6
2016-8-24_라이온즈파크, 4 : 3
2016-8-24_마산, 6 : 3
2016-8-24_울산, 5 : 2
2016-8-25_고척돔, 9 : 4
2016-8-25_잠실,  : 
2016-8-25_케이티위즈파크, 1 : 0
2016-8-25_대전한밭, 13 : 1
2016-8-25_챔피언스필드, 4 : 6
2016-8-26_고척돔, 3 : 2
2016-8-26_잠실, 4 : 11
2016-8-26_케이티위즈파크, 1 : 5
2016-8-26_대전한밭, 4 : 7
2016-8-26_챔피언스필드,  : 
2016-8-27_잠실, 2 : 4
2016-8-27_챔피언스필드, 3 : 5
2016-8-27_라이온즈파크, 0 : 13
2016-8-27_인천문학, 12 : 4
2016-8-27_마산, 7 : 6
2016-8-28_잠실, 11 : 4
2016-8-28_챔피언스필드, 9 : 0
2016-8-28_라이온즈파크,  : 
2016-8-28_인천문학, 9 : 1
2016-8-28_마산,  : 
2016-8-30_부산사직, 4 : 8
2016-8-30_잠실, 4 : 11
2016-8-30_케이티위즈파크, 5 : 3
2016-8-30_챔피언스필드, 9 : 3
2016-8-30_라이온즈파크, 1 : 8
2016-8-31_부산사직, 1 : 9
2016-8-31_잠실,  : 
2016-8-31_케이티위즈파크, 11 : 0
2016-8-31_챔피언스필드, 5 : 7
2016-8-31_라이온즈파크, 15 : 6
2016-9-1_부산사직, 4 : 2
2016-9-1_고척돔, 2 : 8
2016-9-1_잠실, 0 : 1
2016-9-1_대전한밭, 7 : 2
2016-9-1_라이온즈파크, 16 : 8
2016-9-2_부산사직,  : 
2016-9-2_고척돔, 9 : 10
2016-9-2_잠실, 5 : 6
2016-9-2_대전한밭, 6 : 11
2016-9-2_라이온즈파크,  : 
2016-9-3_고척돔, 13 : 11
2016-9-3_잠실, 5 : 3
2016-9-3_케이티위즈파크, 3 : 6
2016-9-3_챔피언스필드, 2 : 1
2016-9-3_마산, 10 : 7
2016-9-4_고척돔, 5 : 7
2016-9-4_잠실, 5 : 7
2016-9-4_케이티위즈파크, 3 : 4
2016-9-4_챔피언스필드, 3 : 4
2016-9-4_마산, 9 : 4
2016-9-6_부산사직, 7 : 9
2016-9-6_잠실, 2 : 5
2016-9-6_라이온즈파크, 6 : 11
2016-9-6_인천문학, 0 : 2
2016-9-6_마산, 6 : 7
2016-9-7_부산사직, 10 : 5
2016-9-7_잠실, 0 : 11
2016-9-7_라이온즈파크, 13 : 9
2016-9-7_인천문학, 3 : 11
2016-9-7_마산, 0 : 1
2016-9-8_부산사직, 4 : 5
2016-9-8_잠실, 4 : 2
2016-9-8_대전한밭, 3 : 4
2016-9-8_챔피언스필드, 4 : 7
2016-9-8_인천문학, 3 : 12
2016-9-9_부산사직, 7 : 5
2016-9-9_잠실, 4 : 10
2016-9-9_대전한밭, 1 : 2
2016-9-9_챔피언스필드, 8 : 7
2016-9-9_인천문학, 1 : 4
2016-9-10_고척돔, 1 : 9
2016-9-10_잠실, 6 : 9
2016-9-10_케이티위즈파크, 6 : 9
2016-9-10_대전한밭, 0 : 14
2016-9-10_라이온즈파크, 1 : 4
2016-9-11_고척돔, 5 : 2
2016-9-11_잠실, 8 : 12
2016-9-11_케이티위즈파크, 4 : 2
2016-9-11_대전한밭, 6 : 7
2016-9-11_라이온즈파크, 0 : 2
2016-9-13_잠실, 2 : 5
2016-9-13_케이티위즈파크, 9 : 2
2016-9-13_챔피언스필드, 2 : 3
2016-9-13_라이온즈파크, 7 : 6
2016-9-13_마산, 4 : 3
2016-9-14_잠실, 0 : 6
2016-9-14_케이티위즈파크, 8 : 7
2016-9-14_챔피언스필드, 7 : 3
2016-9-14_라이온즈파크, 6 : 9
2016-9-14_마산, 4 : 8
2016-9-15_고척돔, 6 : 10
2016-9-15_잠실, 3 : 5
2016-9-15_대전한밭, 6 : 7
2016-9-15_인천문학, 9 : 5
2016-9-15_마산, 4 : 3
2016-9-16_고척돔, 0 : 5
2016-9-16_잠실, 1 : 3
2016-9-16_대전한밭, 8 : 6
2016-9-16_인천문학, 13 : 10
2016-9-16_마산, 5 : 3
2016-9-17_부산사직,  : 
2016-9-17_잠실, 2 : 3
2016-9-17_케이티위즈파크, 11 : 4
2016-9-17_대전한밭,  : 
2016-9-17_인천문학, 4 : 3
2016-9-18_부산사직, 6 : 13
2016-9-18_잠실, 0 : 5
2016-9-18_케이티위즈파크, 11 : 1
2016-9-18_대전한밭, 3 : 1
2016-9-18_인천문학, 13 : 7
2016-9-19_부산사직, 11 : 1
2016-9-19_대전한밭, 4 : 2
2016-9-20_잠실, 4 : 6
2016-9-20_케이티위즈파크, 2 : 6
2016-9-20_대전한밭, 11 : 3
2016-9-20_챔피언스필드, 3 : 4
2016-9-21_잠실, 1 : 1
2016-9-21_챔피언스필드, 2 : 5
2016-9-21_라이온즈파크, 10 : 9
2016-9-22_잠실, 2 : 9
2016-9-22_대전한밭, 7 : 2
2016-9-23_케이티위즈파크, 1 : 2
2016-9-23_라이온즈파크, 3 : 4
2016-9-23_마산, 7 : 11
2016-9-24_잠실, 12 : 7
2016-9-24_라이온즈파크, 9 : 13
2016-9-24_마산, 1 : 3
2016-9-25_케이티위즈파크, 7 : 8
2016-9-25_라이온즈파크, 5 : 7
2016-9-25_인천문학, 4 : 9
2016-9-25_마산, 0 : 1
2016-9-27_부산사직, 7 : 9
2016-9-27_대전한밭, 8 : 9
2016-9-27_챔피언스필드, 6 : 1
2016-9-27_마산, 5 : 3
2016-9-28_부산사직,  : 
2016-9-28_대전한밭, 12 : 3
2016-9-28_마산,  : 
2016-9-29_부산사직, 7 : 9
2016-9-29_잠실, 9 : 1
2016-9-30_부산사직, 4 : 5
2016-9-30_잠실, 5 : 3
2016-9-30_라이온즈파크,  : 
2016-9-30_마산, 7 : 1
2017-5-2_고척돔, 9 : 3
2017-5-2_잠실, 2 : 1
2017-5-2_케이티위즈파크, 9 : 0
2017-5-2_라이온즈파크, 5 : 6
2017-5-2_인천문학, 6 : 5
2017-5-3_고척돔, 2 : 1
2017-5-3_잠실, 0 : 13
2017-5-3_케이티위즈파크, 2 : 8
2017-5-3_라이온즈파크, 10 : 4
2017-5-3_인천문학, 9 : 8
2017-5-4_고척돔, 1 : 9
2017-5-4_잠실, 3 : 4
2017-5-4_케이티위즈파크, 3 : 2
2017-5-4_라이온즈파크, 17 : 2
2017-5-4_인천문학, 2 : 6
2017-5-5_부산사직, 5 : 3
2017-5-5_고척돔, 3 : 5
2017-5-5_잠실, 3 : 1
2017-5-5_대전한밭, 1 : 13
2017-5-5_마산, 2 : 7
2017-5-6_부산사직, 3 : 0
2017-5-6_고척돔, 13 : 5
2017-5-6_잠실, 7 : 5
2017-5-6_대전한밭, 3 : 5
2017-5-6_마산, 12 : 1
2017-5-7_부산사직, 5 : 3
2017-5-7_고척돔, 6 : 6
2017-5-7_잠실, 10 : 4
2017-5-7_대전한밭, 10 : 0
2017-5-7_마산, 3 : 13
2017-5-9_잠실,  : 
2017-5-9_대전한밭,  : 
2017-5-9_챔피언스필드, 4 : 9
2017-5-9_라이온즈파크,  : 
2017-5-9_마산,  : 
2017-5-10_잠실, 0 : 6
2017-5-10_대전한밭, 8 : 1
2017-5-10_챔피언스필드, 3 : 0
2017-5-10_라이온즈파크, 6 : 1
2017-5-10_마산, 0 : 3
2017-5-11_잠실, 0 : 7
2017-5-11_대전한밭, 1 : 2
2017-5-11_챔피언스필드, 4 : 2
2017-5-11_라이온즈파크, 8 : 5
2017-5-11_마산, 2 : 1
2017-5-12_부산사직,  : 
2017-5-12_잠실, 5 : 3
2017-5-12_케이티위즈파크, 8 : 5
2017-5-12_라이온즈파크, 1 : 4
2017-5-12_인천문학, 2 : 8
2017-5-13_부산사직, 9 : 4
2017-5-13_잠실, 10 : 0
2017-5-13_케이티위즈파크, 2 : 5
2017-5-13_라이온즈파크, 5 : 4
2017-5-13_인천문학, 5 : 3
2017-5-14_부산사직, 15 : 1
2017-5-14_잠실, 1 : 4
2017-5-14_케이티위즈파크, 5 : 10
2017-5-14_라이온즈파크, 5 : 4
2017-5-14_인천문학, 3 : 4
2017-5-16_부산사직, 0 : 6
2017-5-16_고척돔, 1 : 2
2017-5-16_잠실, 2 : 1
2017-5-16_챔피언스필드, 2 : 3
2017-5-16_인천문학, 8 : 2
2017-5-17_부산사직, 4 : 9
2017-5-17_고척돔, 8 : 4
2017-5-17_잠실, 2 : 1
2017-5-17_챔피언스필드, 3 : 8
2017-5-17_인천문학, 5 : 2
2017-5-18_부산사직, 4 : 11
2017-5-18_고척돔, 6 : 8
2017-5-18_잠실, 4 : 7
2017-5-18_챔피언스필드, 4 : 9
2017-5-18_인천문학, 1 : 4
2017-5-19_잠실, 9 : 4
2017-5-19_케이티위즈파크, 4 : 3
2017-5-19_대전한밭, 6 : 2
2017-5-19_챔피언스필드, 7 : 6
2017-5-19_마산, 11 : 1
2017-5-20_잠실, 2 : 3
2017-5-20_케이티위즈파크, 11 : 3
2017-5-20_대전한밭, 9 : 8
2017-5-20_챔피언스필드, 6 : 0
2017-5-20_마산, 0 : 1
2017-5-21_잠실, 3 : 4
2017-5-21_케이티위즈파크, 4 : 13
2017-5-21_대전한밭, 8 : 7
2017-5-21_챔피언스필드, 7 : 3
2017-5-21_마산, 9 : 4
2017-5-23_부산사직, 6 : 7
2017-5-23_고척돔, 15 : 4
2017-5-23_잠실,  : 
2017-5-23_대전한밭, 13 : 8
2017-5-23_라이온즈파크, 12 : 3
2017-5-24_부산사직, 5 : 7
2017-5-24_고척돔, 5 : 4
2017-5-24_잠실, 2 : 1
2017-5-24_대전한밭, 9 : 3
2017-5-24_라이온즈파크, 9 : 8
2017-5-25_부산사직, 6 : 17
2017-5-25_고척돔, 13 : 3
2017-5-25_잠실, 9 : 7
2017-5-25_대전한밭, 6 : 4
2017-5-25_라이온즈파크, 4 : 6
2017-5-26_고척돔, 3 : 18
2017-5-26_잠실, 5 : 3
2017-5-26_챔피언스필드, 8 : 2
2017-5-26_인천문학, 1 : 6
2017-5-26_마산, 3 : 5
2017-5-27_고척돔, 4 : 7
2017-5-27_잠실, 4 : 10
2017-5-27_챔피언스필드, 7 : 15
2017-5-27_인천문학, 3 : 4
2017-5-27_마산, 6 : 1
2017-5-28_고척돔, 3 : 2
2017-5-28_잠실, 5 : 9
2017-5-28_챔피언스필드, 4 : 8
2017-5-28_인천문학, 2 : 5
2017-5-28_마산, 8 : 1
2017-5-30_잠실, 3 : 1
2017-5-30_케이티위즈파크, 8 : 3
2017-5-30_대전한밭, 2 : 5
2017-5-30_라이온즈파크, 1 : 0
2017-5-30_마산, 9 : 7
2017-5-31_잠실, 2 : 5
2017-5-31_케이티위즈파크, 8 : 2
2017-5-31_대전한밭, 1 : 3
2017-5-31_라이온즈파크, 4 : 11
2017-5-31_마산, 10 : 2
2017-6-1_잠실, 1 : 6
2017-6-1_케이티위즈파크, 10 : 4
2017-6-1_대전한밭, 8 : 6
2017-6-1_라이온즈파크, 2 : 13
2017-6-1_마산, 7 : 8
2017-6-2_부산사직, 11 : 8
2017-6-2_고척돔, 15 : 4
2017-6-2_잠실, 4 : 1
2017-6-2_대전한밭, 4 : 5
2017-6-2_라이온즈파크, 1 : 5
2017-6-3_부산사직, 10 : 1
2017-6-3_고척돔, 5 : 8
2017-6-3_잠실, 4 : 3
2017-6-3_대전한밭, 5 : 2
2017-6-3_라이온즈파크, 5 : 6
2017-6-4_부산사직, 8 : 14
2017-6-4_고척돔, 6 : 1
2017-6-4_잠실, 6 : 5
2017-6-4_대전한밭, 7 : 4
2017-6-4_라이온즈파크, 13 : 3
2017-6-6_잠실, 12 : 10
2017-6-6_케이티위즈파크,  : 
2017-6-6_챔피언스필드,  : 
2017-6-6_인천문학, 5 : 6
2017-6-6_마산, 5 : 4
2017-6-7_잠실, 7 : 9
2017-6-7_케이티위즈파크, 11 : 7
2017-6-7_챔피언스필드, 0 : 7
2017-6-7_인천문학, 6 : 2
2017-6-7_마산, 4 : 12
2017-6-8_잠실, 3 : 4
2017-6-8_케이티위즈파크, 5 : 4
2017-6-8_챔피언스필드, 4 : 8
2017-6-8_인천문학, 6 : 2
2017-6-8_마산, 0 : 16
2017-6-9_잠실, 1 : 3
2017-6-9_대전한밭, 8 : 5
2017-6-9_챔피언스필드, 7 : 5
2017-6-9_마산, 5 : 6
2017-6-9_울산, 4 : 0
2017-6-10_잠실, 4 : 3
2017-6-10_대전한밭, 2 : 10
2017-6-10_챔피언스필드, 8 : 4
2017-6-10_마산, 1 : 4
2017-6-10_울산, 6 : 7
2017-6-11_잠실, 1 : 19
2017-6-11_대전한밭, 7 : 4
2017-6-11_챔피언스필드, 2 : 6
2017-6-11_마산, 0 : 5
2017-6-11_울산, 4 : 7
2017-6-13_부산사직, 10 : 7
2017-6-13_고척돔, 14 : 5
2017-6-13_잠실, 4 : 7
2017-6-13_인천문학, 11 : 8
2017-6-13_포항, 0 : 4
2017-6-14_부산사직, 6 : 3
2017-6-14_고척돔, 4 : 8
2017-6-14_잠실, 5 : 1
2017-6-14_인천문학, 3 : 6
2017-6-14_포항, 7 : 5
2017-6-15_부산사직, 7 : 5
2017-6-15_고척돔, 9 : 8
2017-6-15_잠실, 12 : 6
2017-6-15_인천문학, 3 : 4
2017-6-15_포항, 2 : 6
2017-6-16_고척돔, 1 : 2
2017-6-16_잠실, 11 : 5
2017-6-16_케이티위즈파크, 15 : 14
2017-6-16_챔피언스필드, 9 : 8
2017-6-16_라이온즈파크, 2 : 1
2017-6-17_고척돔, 2 : 8
2017-6-17_잠실, 4 : 14
2017-6-17_케이티위즈파크, 9 : 1
2017-6-17_챔피언스필드, 3 : 4
2017-6-17_라이온즈파크, 14 : 10
2017-6-18_고척돔, 3 : 14
2017-6-18_잠실, 11 : 13
2017-6-18_케이티위즈파크, 13 : 5
2017-6-18_챔피언스필드, 16 : 8
2017-6-18_라이온즈파크, 5 : 7
2017-6-20_잠실, 3 : 5
2017-6-20_케이티위즈파크, 10 : 2
2017-6-20_대전한밭, 5 : 6
2017-6-20_챔피언스필드,  : 
2017-6-20_인천문학, 1 : 7
2017-6-21_잠실, 10 : 3
2017-6-21_케이티위즈파크, 10 : 4
2017-6-21_대전한밭, 6 : 5
2017-6-21_챔피언스필드, 8 : 20
2017-6-21_인천문학, 2 : 1
2017-6-22_잠실, 5 : 1
2017-6-22_케이티위즈파크, 3 : 10
2017-6-22_대전한밭, 12 : 13
2017-6-22_챔피언스필드, 5 : 11
2017-6-22_인천문학, 6 : 13
2017-6-23_고척돔, 3 : 8
2017-6-23_잠실, 1 : 9
2017-6-23_라이온즈파크, 3 : 5
2017-6-23_인천문학, 2 : 4
2017-6-23_마산, 1 : 4
2017-6-24_고척돔, 8 : 2
2017-6-24_잠실, 8 : 4
2017-6-24_라이온즈파크, 2 : 8
2017-6-24_인천문학, 1 : 2
2017-6-24_마산, 1 : 6
2017-6-25_고척돔, 2 : 4
2017-6-25_잠실, 4 : 2
2017-6-25_라이온즈파크, 7 : 7
2017-6-25_인천문학, 6 : 7
2017-6-25_마산, 6 : 9
2017-6-27_부산사직, 10 : 11
2017-6-27_잠실, 5 : 1
2017-6-27_챔피언스필드, 4 : 11
2017-6-27_마산, 2 : 7
2017-6-28_부산사직, 9 : 9
2017-6-28_잠실, 3 : 0
2017-6-28_챔피언스필드, 4 : 13
2017-6-28_마산, 3 : 9
2017-6-29_부산사직,  : 
2017-6-29_잠실, 3 : 6
2017-6-29_챔피언스필드, 1 : 22
2017-6-29_마산,  : 
2017-6-30_부산사직, 0 : 9
2017-6-30_잠실, 10 : 6
2017-6-30_케이티위즈파크, 9 : 5
2017-6-30_대전한밭, 8 : 13
2017-6-30_인천문학, 5 : 7
2017-7-1_부산사직, 5 : 9
2017-7-1_잠실, 10 : 4
2017-7-1_케이티위즈파크,  : 
2017-7-1_대전한밭, 3 : 9
2017-7-1_인천문학, 7 : 4
2017-7-2_부산사직, 1 : 2
2017-7-2_잠실, 13 : 4
2017-7-2_케이티위즈파크, 5 : 1
2017-7-2_대전한밭,  : 
2017-7-2_인천문학, 5 : 6
2017-7-4_고척돔, 5 : 7
2017-7-4_잠실, 1 : 8
2017-7-4_인천문학, 15 : 6
2017-7-4_마산,  : 
2017-7-4_포항, 2 : 4
2017-7-5_고척돔, 7 : 12
2017-7-5_잠실, 1 : 3
2017-7-5_인천문학, 17 : 18
2017-7-5_마산, 12 : 5
2017-7-5_포항, 5 : 6
2017-7-6_고척돔, 6 : 13
2017-7-6_잠실,  : 
2017-7-6_인천문학, 5 : 3
2017-7-6_마산,  : 
2017-7-6_포항, 4 : 2
2017-7-7_부산사직, 6 : 5
2017-7-7_잠실,  : 
2017-7-7_케이티위즈파크,  : 
2017-7-7_라이온즈파크, 9 : 2
2017-7-7_마산, 6 : 1
2017-7-8_부산사직, 4 : 6
2017-7-8_잠실, 6 : 3
2017-7-8_케이티위즈파크, 20 : 8
2017-7-8_라이온즈파크, 10 : 8
2017-7-8_마산,  : 
2017-7-9_부산사직, 6 : 0
2017-7-9_잠실, 2 : 3
2017-7-9_케이티위즈파크,  : 
2017-7-9_라이온즈파크, 2 : 7
2017-7-9_마산, 4 : 9
2017-7-11_잠실, 5 : 1
2017-7-11_케이티위즈파크, 4 : 2
2017-7-11_대전한밭, 5 : 4
2017-7-11_챔피언스필드, 4 : 7
2017-7-11_인천문학, 1 : 6
2017-7-12_잠실, 3 : 4
2017-7-12_케이티위즈파크, 11 : 3
2017-7-12_대전한밭, 8 : 4
2017-7-12_챔피언스필드, 6 : 7
2017-7-12_인천문학, 12 : 6
2017-7-13_잠실, 4 : 8
2017-7-13_케이티위즈파크, 8 : 9
2017-7-13_대전한밭, 4 : 6
2017-7-13_챔피언스필드, 1 : 7
2017-7-13_인천문학, 9 : 1
2017-7-18_고척돔, 4 : 3
2017-7-18_잠실, 2 : 3
2017-7-18_인천문학, 6 : 4
2017-7-18_울산, 2 : 5
2017-7-19_고척돔, 2 : 4
2017-7-19_잠실, 2 : 4
2017-7-19_인천문학, 8 : 12
2017-7-19_울산, 3 : 0
2017-7-20_고척돔, 8 : 7
2017-7-20_잠실, 9 : 10
2017-7-20_인천문학, 14 : 2
2017-7-20_울산, 4 : 4
2017-7-21_고척돔, 0 : 2
2017-7-21_잠실, 6 : 9
2017-7-21_챔피언스필드, 4 : 3
2017-7-21_라이온즈파크, 10 : 4
2017-7-21_마산, 6 : 10
2017-7-22_고척돔, 8 : 3
2017-7-22_잠실, 1 : 17
2017-7-22_챔피언스필드, 1 : 0
2017-7-22_라이온즈파크,  : 
2017-7-22_마산, 2 : 8
2017-7-23_고척돔, 4 : 7
2017-7-23_잠실, 7 : 8
2017-7-23_챔피언스필드, 3 : 1
2017-7-23_라이온즈파크, 6 : 10
2017-7-23_마산, 1 : 8
2017-7-25_부산사직,  : 
2017-7-25_잠실, 6 : 0
2017-7-25_케이티위즈파크, 6 : 5
2017-7-25_챔피언스필드, 10 : 11
2017-7-25_라이온즈파크, 1 : 3
2017-7-26_부산사직, 8 : 9
2017-7-26_잠실, 3 : 4
2017-7-26_케이티위즈파크, 7 : 3
2017-7-26_챔피언스필드, 7 : 8
2017-7-26_라이온즈파크, 1 : 5
2017-7-27_부산사직, 6 : 3
2017-7-27_잠실, 3 : 4
2017-7-27_케이티위즈파크, 5 : 3
2017-7-27_챔피언스필드, 1 : 9
2017-7-27_라이온즈파크, 7 : 0
2017-7-28_고척돔, 9 : 2
2017-7-28_잠실, 3 : 3
2017-7-28_케이티위즈파크, 5 : 4
2017-7-28_대전한밭, 3 : 4
2017-7-28_인천문학, 7 : 8
2017-7-29_고척돔, 1 : 14
2017-7-29_잠실, 2 : 1
2017-7-29_케이티위즈파크, 3 : 4
2017-7-29_대전한밭, 12 : 2
2017-7-29_인천문학, 1 : 4
2017-7-30_고척돔, 4 : 9
2017-7-30_잠실, 4 : 6
2017-7-30_케이티위즈파크, 8 : 3
2017-7-30_대전한밭, 9 : 3
2017-7-30_인천문학, 3 : 2
2017-8-1_고척돔, 0 : 3
2017-8-1_잠실, 0 : 2
2017-8-1_챔피언스필드, 15 : 7
2017-8-1_라이온즈파크, 12 : 5
2017-8-1_마산, 6 : 7
2017-8-2_고척돔, 4 : 5
2017-8-2_잠실, 4 : 5
2017-8-2_챔피언스필드,  : 
2017-8-2_라이온즈파크, 5 : 2
2017-8-2_마산, 6 : 2
2017-8-3_고척돔, 3 : 11
2017-8-3_잠실, 6 : 9
2017-8-3_챔피언스필드, 3 : 9
2017-8-3_라이온즈파크, 14 : 4
2017-8-3_마산, 2 : 10
2017-8-4_부산사직, 8 : 10
2017-8-4_잠실, 11 : 4
2017-8-4_케이티위즈파크, 6 : 5
2017-8-4_대전한밭, 3 : 7
2017-8-4_마산, 4 : 3
2017-8-5_부산사직, 4 : 5
2017-8-5_잠실, 2 : 1
2017-8-5_케이티위즈파크, 3 : 4
2017-8-5_대전한밭, 7 : 1
2017-8-5_마산, 9 : 3
2017-8-6_부산사직, 4 : 6
2017-8-6_잠실, 10 : 3
2017-8-6_케이티위즈파크, 3 : 6
2017-8-6_대전한밭,  : 
2017-8-6_마산, 1 : 4
2017-8-8_부산사직, 4 : 5
2017-8-8_잠실, 1 : 8
2017-8-8_챔피언스필드, 5 : 3
2017-8-8_라이온즈파크, 10 : 8
2017-8-8_인천문학, 0 : 4
2017-8-9_부산사직, 6 : 7
2017-8-9_잠실, 12 : 6
2017-8-9_챔피언스필드, 1 : 10
2017-8-9_라이온즈파크, 4 : 7
2017-8-9_인천문학, 10 : 5
2017-8-10_고척돔, 7 : 4
2017-8-10_잠실, 2 : 1
2017-8-10_케이티위즈파크,  : 
2017-8-10_대전한밭,  : 
2017-8-10_마산, 2 : 3
2017-8-11_고척돔, 3 : 6
2017-8-11_잠실, 2 : 6
2017-8-11_케이티위즈파크, 8 : 9
2017-8-11_대전한밭, 3 : 8
2017-8-11_마산, 5 : 3
2017-8-12_고척돔, 6 : 1
2017-8-12_잠실, 0 : 3
2017-8-12_챔피언스필드, 10 : 11
2017-8-12_라이온즈파크, 7 : 13
2017-8-12_인천문학, 3 : 8
2017-8-13_고척돔, 1 : 9
2017-8-13_잠실, 1 : 2
2017-8-13_챔피언스필드,  : 
2017-8-13_라이온즈파크, 9 : 7
2017-8-13_인천문학, 11 : 3
2017-8-15_부산사직, 6 : 8
2017-8-15_잠실,  : 
2017-8-15_대전한밭,  : 
2017-8-15_챔피언스필드, 2 : 4
2017-8-15_라이온즈파크,  : 
2017-8-16_부산사직, 2 : 4
2017-8-16_잠실, 1 : 2
2017-8-16_대전한밭, 5 : 8
2017-8-16_챔피언스필드, 3 : 4
2017-8-16_라이온즈파크, 6 : 5
2017-8-17_고척돔, 5 : 3
2017-8-17_잠실, 1 : 4
2017-8-17_케이티위즈파크, 6 : 4
2017-8-17_인천문학, 1 : 6
2017-8-17_마산, 1 : 3
2017-8-18_고척돔, 8 : 5
2017-8-18_잠실, 1 : 2
2017-8-18_케이티위즈파크, 5 : 1
2017-8-18_인천문학, 2 : 8
2017-8-18_마산, 14 : 9
2017-8-19_고척돔, 3 : 4
2017-8-19_잠실, 4 : 6
2017-8-19_케이티위즈파크, 10 : 4
2017-8-19_대전한밭, 0 : 2
2017-8-19_챔피언스필드, 13 : 1
2017-8-20_고척돔, 4 : 3
2017-8-20_잠실,  : 
2017-8-20_케이티위즈파크, 1 : 2
2017-8-20_대전한밭, 4 : 3
2017-8-20_챔피언스필드,  : 
2017-8-22_고척돔, 5 : 11
2017-8-22_잠실, 4 : 3
2017-8-22_케이티위즈파크, 3 : 2
2017-8-22_챔피언스필드, 7 : 3
2017-8-22_인천문학, 10 : 6
2017-8-23_고척돔, 1 : 5
2017-8-23_잠실, 3 : 9
2017-8-23_케이티위즈파크, 10 : 9
2017-8-23_챔피언스필드, 7 : 5
2017-8-23_인천문학, 4 : 1
2017-8-24_부산사직, 0 : 11
2017-8-24_잠실, 5 : 6
2017-8-24_대전한밭,  : 
2017-8-24_라이온즈파크, 9 : 7
2017-8-24_마산, 1 : 7
2017-8-25_부산사직, 2 : 8
2017-8-25_잠실, 3 : 4
2017-8-25_대전한밭, 3 : 6
2017-8-25_라이온즈파크, 7 : 5
2017-8-25_마산, 5 : 7
2017-8-26_부산사직, 1 : 6
2017-8-26_잠실, 4 : 5
2017-8-26_라이온즈파크, 8 : 14
2017-8-26_인천문학, 1 : 2
2017-8-26_마산, 8 : 7
2017-8-27_부산사직, 9 : 8
2017-8-27_잠실, 1 : 1
2017-8-27_라이온즈파크, 3 : 2
2017-8-27_인천문학, 2 : 4
2017-8-27_마산, 4 : 5
2017-8-29_고척돔, 4 : 8
2017-8-29_잠실, 5 : 7
2017-8-29_케이티위즈파크, 13 : 2
2017-8-29_대전한밭, 4 : 8
2017-8-29_라이온즈파크, 10 : 9
2017-8-30_고척돔, 0 : 10
2017-8-30_잠실, 5 : 2
2017-8-30_케이티위즈파크, 5 : 9
2017-8-30_대전한밭, 6 : 5
2017-8-30_라이온즈파크, 5 : 1
2017-8-31_부산사직, 5 : 8
2017-8-31_잠실, 5 : 3
2017-8-31_대전한밭, 1 : 10
2017-8-31_챔피언스필드, 4 : 9
2017-8-31_인천문학, 4 : 5
2017-9-1_부산사직, 1 : 6
2017-9-1_잠실, 2 : 6
2017-9-1_대전한밭, 6 : 1
2017-9-1_챔피언스필드, 3 : 5
2017-9-1_인천문학, 7 : 8
2017-9-2_부산사직, 0 : 9
2017-9-2_고척돔, 7 : 4
2017-9-2_잠실, 3 : 2
2017-9-2_케이티위즈파크, 15 : 7
2017-9-2_마산, 0 : 6
2017-9-3_부산사직, 2 : 7
2017-9-3_고척돔, 7 : 8
2017-9-3_잠실, 1 : 7
2017-9-3_케이티위즈파크, 5 : 13
2017-9-3_마산, 0 : 5
2017-9-5_잠실, 3 : 4
2017-9-5_케이티위즈파크, 1 : 5
2017-9-5_대전한밭, 4 : 6
2017-9-5_라이온즈파크, 3 : 9
2017-9-5_인천문학, 2 : 6
2017-9-6_잠실, 0 : 6
2017-9-6_케이티위즈파크, 4 : 5
2017-9-6_대전한밭, 13 : 9
2017-9-6_라이온즈파크,  : 
2017-9-6_인천문학,  : 
2017-9-7_부산사직, 6 : 5
2017-9-7_고척돔, 1 : 1
2017-9-7_잠실, 7 : 3
2017-9-7_챔피언스필드, 11 : 2
2017-9-7_마산, 3 : 4
2017-9-8_부산사직, 5 : 6
2017-9-8_고척돔, 10 : 9
2017-9-8_잠실, 2 : 3
2017-9-8_챔피언스필드, 5 : 9
2017-9-8_마산, 2 : 4
2017-9-9_잠실, 3 : 4
2017-9-9_케이티위즈파크, 2 : 3
2017-9-9_대전한밭, 3 : 6
2017-9-9_챔피언스필드, 5 : 6
2017-9-9_인천문학, 1 : 2
2017-9-10_잠실, 5 : 1
2017-9-10_케이티위즈파크, 7 : 5
2017-9-10_대전한밭, 11 : 5
2017-9-10_챔피언스필드, 9 : 6
2017-9-10_인천문학, 8 : 17
2017-9-12_고척돔, 3 : 2
2017-9-12_잠실, 2 : 1
2017-9-12_라이온즈파크, 6 : 2
2017-9-12_인천문학, 6 : 2
2017-9-12_마산, 14 : 13
2017-9-13_고척돔, 0 : 8
2017-9-13_잠실, 1 : 3
2017-9-13_라이온즈파크, 5 : 13
2017-9-13_인천문학, 10 : 15
2017-9-13_마산, 13 : 3
2017-9-14_부산사직, 11 : 2
2017-9-14_잠실, 8 : 6
2017-9-14_케이티위즈파크, 11 : 12
2017-9-14_대전한밭, 2 : 10
2017-9-14_마산, 11 : 11
2017-9-15_부산사직, 3 : 4
2017-9-15_잠실, 5 : 0
2017-9-15_케이티위즈파크, 4 : 5
2017-9-15_대전한밭, 4 : 6
2017-9-15_마산, 11 : 3
2017-9-16_부산사직, 1 : 6
2017-9-16_잠실, 3 : 1
2017-9-16_챔피언스필드, 3 : 17
2017-9-16_라이온즈파크, 9 : 5
2017-9-16_마산, 14 : 15
2017-9-17_부산사직, 5 : 9
2017-9-17_잠실, 1 : 8
2017-9-17_챔피언스필드, 3 : 4
2017-9-17_라이온즈파크, 21 : 8
2017-9-17_마산, 14 : 6
2017-9-19_부산사직, 8 : 3
2017-9-19_잠실, 15 : 7
2017-9-19_챔피언스필드, 7 : 4
2017-9-20_잠실, 2 : 1
2017-9-20_챔피언스필드, 4 : 3
2017-9-20_마산, 3 : 2
2017-9-21_케이티위즈파크, 5 : 3
2017-9-21_라이온즈파크, 4 : 8
2017-9-22_대전한밭, 2 : 0
2017-9-22_챔피언스필드, 6 : 0
2017-9-22_라이온즈파크, 8 : 4
2017-9-23_부산사직, 2 : 7
2017-9-23_대전한밭, 7 : 8
2017-9-23_챔피언스필드, 3 : 8
2017-9-23_마산, 11 : 9
2017-9-24_잠실, 4 : 6
2017-9-24_챔피언스필드, 5 : 0
2017-9-24_마산, 3 : 4
2017-9-26_부산사직, 8 : 11
2017-9-26_챔피언스필드, 0 : 6
2017-9-27_케이티위즈파크, 2 : 3
2017-9-27_라이온즈파크, 11 : 1
2017-9-28_케이티위즈파크, 15 : 6
2017-9-28_대전한밭, 7 : 4
2017-9-29_잠실, 5 : 3
2017-9-29_대전한밭, 7 : 2
2017-9-29_인천문학, 7 : 2
2017-9-29_마산, 4 : 8
2017-9-30_잠실, 3 : 4
2017-9-30_대전한밭, 4 : 1
2017-9-30_마산, 4 : 11
2018-5-1_부산사직, 0 : 4
2018-5-1_잠실, 2 : 4
2018-5-1_대전한밭, 5 : 6
2018-5-1_라이온즈파크, 12 : 3
2018-5-1_마산, 13 : 4
2018-5-2_부산사직, 12 : 6
2018-5-2_잠실,  : 
2018-5-2_대전한밭, 3 : 4
2018-5-2_라이온즈파크, 7 : 4
2018-5-2_마산, 8 : 13
2018-5-3_부산사직, 4 : 5
2018-5-3_잠실, 3 : 2
2018-5-3_대전한밭, 3 : 7
2018-5-3_라이온즈파크, 4 : 8
2018-5-3_마산, 13 : 9
2018-5-4_잠실, 11 : 8
2018-5-4_케이티위즈파크, 11 : 1
2018-5-4_챔피언스필드, 6 : 5
2018-5-4_라이온즈파크, 9 : 6
2018-5-4_인천문학, 4 : 5
2018-5-5_잠실, 3 : 0
2018-5-5_케이티위즈파크, 10 : 1
2018-5-5_챔피언스필드, 4 : 12
2018-5-5_라이온즈파크, 3 : 8
2018-5-5_인천문학, 8 : 1
2018-5-6_잠실, 13 : 5
2018-5-6_케이티위즈파크,  : 
2018-5-6_챔피언스필드, 3 : 11
2018-5-6_라이온즈파크,  : 
2018-5-6_인천문학,  : 
2018-5-8_고척돔, 10 : 9
2018-5-8_잠실, 4 : 2
2018-5-8_케이티위즈파크, 9 : 4
2018-5-8_챔피언스필드, 0 : 10
2018-5-8_마산, 0 : 9
2018-5-9_고척돔, 4 : 1
2018-5-9_잠실, 2 : 3
2018-5-9_케이티위즈파크, 5 : 4
2018-5-9_챔피언스필드, 13 : 7
2018-5-9_마산, 6 : 5
2018-5-10_고척돔, 3 : 1
2018-5-10_잠실, 7 : 2
2018-5-10_케이티위즈파크, 4 : 5
2018-5-10_챔피언스필드, 5 : 6
2018-5-10_마산, 6 : 2
2018-5-11_부산사직, 2 : 6
2018-5-11_잠실, 10 : 5
2018-5-11_대전한밭, 4 : 2
2018-5-11_라이온즈파크, 3 : 8
2018-5-11_인천문학, 14 : 9
2018-5-12_부산사직,  : 
2018-5-12_잠실,  : 
2018-5-12_대전한밭,  : 
2018-5-12_라이온즈파크,  : 
2018-5-12_인천문학,  : 
2018-5-13_부산사직, 1 : 3
2018-5-13_잠실, 2 : 1
2018-5-13_대전한밭, 0 : 4
2018-5-13_라이온즈파크, 8 : 7
2018-5-13_인천문학, 0 : 10
2018-5-15_고척돔, 2 : 1
2018-5-15_잠실, 4 : 6
2018-5-15_대전한밭, 3 : 0
2018-5-15_마산, 5 : 3
2018-5-15_포항, 2 : 4
2018-5-16_고척돔, 7 : 8
2018-5-16_잠실, 3 : 5
2018-5-16_대전한밭, 4 : 5
2018-5-16_마산,  : 
2018-5-16_포항, 8 : 7
2018-5-17_고척돔, 2 : 8
2018-5-17_잠실,  : 
2018-5-17_대전한밭, 3 : 5
2018-5-17_마산, 7 : 0
2018-5-17_포항, 8 : 5
2018-5-18_부산사직, 7 : 1
2018-5-18_고척돔, 5 : 0
2018-5-18_잠실, 4 : 3
2018-5-18_케이티위즈파크, 6 : 1
2018-5-18_챔피언스필드, 1 : 5
2018-5-19_부산사직, 2 : 15
2018-5-19_고척돔, 3 : 6
2018-5-19_잠실, 2 : 1
2018-5-19_케이티위즈파크, 2 : 3
2018-5-19_챔피언스필드, 1 : 2
2018-5-20_부산사직, 7 : 6
2018-5-20_고척돔, 4 : 3
2018-5-20_잠실, 2 : 6
2018-5-20_케이티위즈파크, 3 : 18
2018-5-20_챔피언스필드, 3 : 8
2018-5-22_잠실, 1 : 6
2018-5-22_대전한밭, 7 : 8
2018-5-22_챔피언스필드, 5 : 8
2018-5-22_라이온즈파크, 4 : 10
2018-5-22_인천문학, 10 : 4
2018-5-23_잠실, 2 : 12
2018-5-23_대전한밭, 3 : 5
2018-5-23_챔피언스필드, 9 : 8
2018-5-23_라이온즈파크, 4 : 6
2018-5-23_인천문학, 2 : 13
2018-5-24_잠실, 0 : 4
2018-5-24_대전한밭, 7 : 1
2018-5-24_챔피언스필드, 13 : 1
2018-5-24_라이온즈파크, 2 : 9
2018-5-24_인천문학, 1 : 3
2018-5-25_고척돔, 2 : 13
2018-5-25_잠실, 6 : 1
2018-5-25_케이티위즈파크, 7 : 13
2018-5-25_인천문학, 1 : 5
2018-5-25_마산, 14 : 2
2018-5-26_고척돔, 2 : 3
2018-5-26_잠실, 1 : 6
2018-5-26_케이티위즈파크, 5 : 0
2018-5-26_인천문학, 2 : 7
2018-5-26_마산, 0 : 5
2018-5-27_고척돔, 6 : 4
2018-5-27_잠실, 2 : 8
2018-5-27_케이티위즈파크, 7 : 8
2018-5-27_인천문학, 7 : 5
2018-5-27_마산, 12 : 1
2018-5-29_부산사직, 5 : 3
2018-5-29_잠실,  : 
2018-5-29_대전한밭, 2 : 7
2018-5-29_챔피언스필드, 12 : 8
2018-5-29_라이온즈파크, 14 : 4
2018-5-30_부산사직, 15 : 5
2018-5-30_잠실, 3 : 11
2018-5-30_대전한밭, 4 : 10
2018-5-30_챔피언스필드, 6 : 1
2018-5-30_라이온즈파크, 3 : 4
2018-5-31_부산사직, 11 : 10
2018-5-31_잠실, 4 : 6
2018-5-31_대전한밭, 5 : 4
2018-5-31_챔피언스필드, 0 : 5
2018-5-31_라이온즈파크, 0 : 6
2018-6-1_부산사직, 13 : 6
2018-6-1_잠실, 1 : 3
2018-6-1_챔피언스필드, 5 : 3
2018-6-1_인천문학, 1 : 8
2018-6-1_마산, 5 : 3
2018-6-2_부산사직, 3 : 2
2018-6-2_잠실, 6 : 10
2018-6-2_챔피언스필드, 10 : 0
2018-6-2_인천문학, 1 : 6
2018-6-2_마산, 6 : 4
2018-6-3_부산사직, 0 : 6
2018-6-3_잠실, 0 : 8
2018-6-3_챔피언스필드, 11 : 12
2018-6-3_인천문학, 6 : 3
2018-6-3_마산, 8 : 7
2018-6-5_고척돔, 6 : 13
2018-6-5_잠실, 3 : 7
2018-6-5_케이티위즈파크, 11 : 2
2018-6-5_인천문학, 2 : 6
2018-6-5_마산, 12 : 6
2018-6-6_고척돔, 7 : 3
2018-6-6_잠실, 5 : 1
2018-6-6_케이티위즈파크, 5 : 2
2018-6-6_인천문학, 2 : 7
2018-6-6_마산, 10 : 5
2018-6-7_고척돔, 3 : 0
2018-6-7_잠실, 5 : 6
2018-6-7_케이티위즈파크, 2 : 1
2018-6-7_인천문학, 6 : 2
2018-6-7_마산, 4 : 5
2018-6-8_부산사직, 6 : 9
2018-6-8_잠실, 1 : 6
2018-6-8_케이티위즈파크, 11 : 5
2018-6-8_대전한밭, 5 : 7
2018-6-8_라이온즈파크, 9 : 5
2018-6-9_부산사직, 7 : 5
2018-6-9_잠실, 0 : 3
2018-6-9_케이티위즈파크, 2 : 5
2018-6-9_대전한밭, 4 : 2
2018-6-9_라이온즈파크, 6 : 0
2018-6-10_부산사직,  : 
2018-6-10_잠실, 3 : 6
2018-6-10_케이티위즈파크, 6 : 1
2018-6-10_대전한밭, 3 : 4
2018-6-10_라이온즈파크, 3 : 12
2018-6-12_부산사직, 4 : 2
2018-6-12_고척돔, 6 : 2
2018-6-12_잠실, 2 : 3
2018-6-12_챔피언스필드, 0 : 4
2018-6-12_마산, 4 : 8
2018-6-13_부산사직, 9 : 10
2018-6-13_고척돔, 2 : 4
2018-6-13_잠실, 4 : 6
2018-6-13_챔피언스필드, 5 : 4
2018-6-13_마산, 3 : 6
2018-6-14_부산사직, 11 : 9
2018-6-14_고척돔, 9 : 8
2018-6-14_잠실, 8 : 9
2018-6-14_챔피언스필드, 9 : 2
2018-6-14_마산, 7 : 11
2018-6-15_고척돔, 2 : 9
2018-6-15_잠실, 3 : 4
2018-6-15_대전한밭, 13 : 4
2018-6-15_인천문학, 14 : 6
2018-6-15_마산, 4 : 5
2018-6-16_고척돔, 1 : 9
2018-6-16_잠실, 3 : 4
2018-6-16_대전한밭, 8 : 3
2018-6-16_인천문학, 9 : 3
2018-6-16_마산, 1 : 5
2018-6-17_고척돔, 8 : 12
2018-6-17_잠실, 6 : 9
2018-6-17_대전한밭, 6 : 11
2018-6-17_인천문학, 13 : 7
2018-6-17_마산, 5 : 4
2018-6-19_잠실, 6 : 5
2018-6-19_케이티위즈파크, 9 : 7
2018-6-19_챔피언스필드,  : 
2018-6-19_라이온즈파크, 6 : 6
2018-6-20_잠실, 8 : 5
2018-6-20_케이티위즈파크, 11 : 4
2018-6-20_챔피언스필드, 5 : 6
2018-6-20_라이온즈파크, 4 : 6
2018-6-21_잠실, 3 : 9
2018-6-21_케이티위즈파크, 5 : 5
2018-6-21_챔피언스필드, 7 : 4
2018-6-21_라이온즈파크, 5 : 1
2018-6-22_고척돔, 8 : 5
2018-6-22_잠실, 1 : 2
2018-6-22_케이티위즈파크, 13 : 9
2018-6-22_라이온즈파크, 14 : 16
2018-6-22_마산, 5 : 0
2018-6-23_고척돔, 4 : 9
2018-6-23_잠실, 8 : 18
2018-6-23_케이티위즈파크, 7 : 4
2018-6-23_라이온즈파크, 11 : 4
2018-6-23_마산, 8 : 1
2018-6-24_고척돔, 14 : 10
2018-6-24_잠실, 2 : 2
2018-6-24_케이티위즈파크, 0 : 4
2018-6-24_라이온즈파크, 12 : 7
2018-6-24_마산, 5 : 3
2018-6-26_부산사직, 9 : 3
2018-6-26_잠실,  : 
2018-6-26_대전한밭, 13 : 2
2018-6-26_인천문학,  : 
2018-6-26_마산, 4 : 5
2018-6-27_부산사직, 8 : 9
2018-6-27_잠실, 2 : 7
2018-6-27_대전한밭, 0 : 4
2018-6-27_인천문학, 2 : 3
2018-6-27_마산, 6 : 3
2018-6-28_부산사직, 6 : 8
2018-6-28_잠실,  : 
2018-6-28_대전한밭, 3 : 8
2018-6-28_인천문학,  : 
2018-6-28_마산, 9 : 0
2018-6-29_잠실, 7 : 4
2018-6-29_케이티위즈파크, 3 : 7
2018-6-29_대전한밭, 2 : 5
2018-6-29_라이온즈파크, 8 : 7
2018-6-29_인천문학, 1 : 10
2018-6-30_잠실, 2 : 12
2018-6-30_케이티위즈파크, 0 : 1
2018-6-30_대전한밭, 5 : 6
2018-6-30_라이온즈파크,  : 
2018-6-30_인천문학, 3 : 6
2018-7-1_잠실,  : 
2018-7-1_케이티위즈파크,  : 
2018-7-1_대전한밭,  : 
2018-7-1_라이온즈파크, 3 : 1
2018-7-1_인천문학,  : 
2018-7-3_부산사직,  : 
2018-7-3_고척돔, 9 : 3
2018-7-3_잠실, 13 : 6
2018-7-3_케이티위즈파크,  : 
2018-7-3_챔피언스필드, 2 : 9
2018-7-4_부산사직, 7 : 4
2018-7-4_고척돔, 6 : 7
2018-7-4_잠실, 3 : 13
2018-7-4_케이티위즈파크, 5 : 6
2018-7-4_챔피언스필드, 4 : 6
2018-7-5_부산사직, 9 : 2
2018-7-5_고척돔, 2 : 3
2018-7-5_잠실, 5 : 3
2018-7-5_케이티위즈파크, 2 : 2
2018-7-5_챔피언스필드, 8 : 2
2018-7-6_부산사직, 9 : 11
2018-7-6_고척돔, 2 : 6
2018-7-6_잠실, 6 : 13
2018-7-6_챔피언스필드, 4 : 13
2018-7-6_인천문학, 0 : 6
2018-7-7_부산사직, 9 : 1
2018-7-7_고척돔, 4 : 6
2018-7-7_잠실, 3 : 8
2018-7-7_챔피언스필드, 13 : 10
2018-7-7_인천문학, 4 : 5
2018-7-8_부산사직, 5 : 10
2018-7-8_고척돔, 2 : 1
2018-7-8_잠실, 11 : 1
2018-7-8_챔피언스필드, 8 : 1
2018-7-8_인천문학, 5 : 2
2018-7-10_잠실, 10 : 3
2018-7-10_케이티위즈파크, 1 : 9
2018-7-10_대전한밭, 1 : 4
2018-7-10_마산, 6 : 8
2018-7-10_포항, 3 : 6
2018-7-11_잠실, 1 : 3
2018-7-11_케이티위즈파크, 6 : 0
2018-7-11_대전한밭, 22 : 8
2018-7-11_마산, 1 : 5
2018-7-11_포항, 2 : 4
2018-7-12_잠실, 7 : 4
2018-7-12_케이티위즈파크, 4 : 11
2018-7-12_대전한밭, 1 : 4
2018-7-12_마산, 3 : 4
2018-7-12_포항, 4 : 8
2018-7-14_울산, 10 : 6
2018-7-17_고척돔, 9 : 3
2018-7-17_잠실, 12 : 6
2018-7-17_케이티위즈파크, 8 : 1
2018-7-17_챔피언스필드, 3 : 6
2018-7-17_인천문학, 4 : 10
2018-7-18_고척돔, 8 : 7
2018-7-18_잠실, 4 : 5
2018-7-18_케이티위즈파크, 2 : 4
2018-7-18_챔피언스필드, 7 : 1
2018-7-18_인천문학, 4 : 3
2018-7-19_고척돔, 8 : 3
2018-7-19_잠실, 1 : 7
2018-7-19_케이티위즈파크, 7 : 8
2018-7-19_챔피언스필드, 6 : 2
2018-7-19_인천문학, 0 : 3
2018-7-20_부산사직, 6 : 2
2018-7-20_잠실, 5 : 4
2018-7-20_챔피언스필드, 4 : 6
2018-7-20_라이온즈파크, 1 : 0
2018-7-20_마산, 8 : 10
2018-7-21_부산사직, 4 : 3
2018-7-21_잠실, 17 : 10
2018-7-21_챔피언스필드, 2 : 8
2018-7-21_라이온즈파크, 3 : 4
2018-7-21_마산, 6 : 3
2018-7-22_부산사직, 4 : 12
2018-7-22_잠실, 6 : 1
2018-7-22_챔피언스필드, 6 : 5
2018-7-22_라이온즈파크, 4 : 5
2018-7-22_마산, 6 : 3
2018-7-24_부산사직, 3 : 2
2018-7-24_고척돔, 9 : 6
2018-7-24_잠실, 11 : 1
2018-7-24_대전한밭, 0 : 5
2018-7-24_인천문학, 1 : 3
2018-7-25_부산사직, 9 : 6
2018-7-25_고척돔, 3 : 7
2018-7-25_잠실, 1 : 0
2018-7-25_대전한밭, 11 : 3
2018-7-25_인천문학, 5 : 11
2018-7-26_부산사직, 1 : 13
2018-7-26_고척돔, 7 : 4
2018-7-26_잠실, 5 : 7
2018-7-26_대전한밭, 3 : 6
2018-7-26_인천문학, 3 : 8
2018-7-27_고척돔, 9 : 2
2018-7-27_잠실, 16 : 7
2018-7-27_케이티위즈파크, 7 : 9
2018-7-27_라이온즈파크, 10 : 11
2018-7-27_마산, 0 : 1
2018-7-28_고척돔, 11 : 7
2018-7-28_잠실, 6 : 13
2018-7-28_케이티위즈파크, 10 : 11
2018-7-28_라이온즈파크, 2 : 3
2018-7-28_마산, 7 : 3
2018-7-29_고척돔, 4 : 3
2018-7-29_잠실, 1 : 3
2018-7-29_케이티위즈파크, 7 : 4
2018-7-29_라이온즈파크, 1 : 13
2018-7-29_마산, 3 : 4
2018-7-31_잠실, 2 : 6
2018-7-31_대전한밭, 5 : 4
2018-7-31_챔피언스필드, 1 : 4
2018-7-31_라이온즈파크, 4 : 4
2018-7-31_인천문학, 3 : 1
2018-8-1_잠실, 8 : 14
2018-8-1_대전한밭, 3 : 4
2018-8-1_챔피언스필드, 1 : 8
2018-8-1_라이온즈파크, 9 : 5
2018-8-1_인천문학, 8 : 14
2018-8-2_잠실, 5 : 6
2018-8-2_대전한밭, 3 : 5
2018-8-2_챔피언스필드, 9 : 6
2018-8-2_라이온즈파크, 2 : 3
2018-8-2_인천문학, 4 : 3
2018-8-4_부산사직, 4 : 5
2018-8-4_잠실, 9 : 2
2018-8-4_케이티위즈파크, 3 : 1
2018-8-4_대전한밭, 7 : 5
2018-8-4_챔피언스필드, 5 : 13
2018-8-5_부산사직, 8 : 2
2018-8-5_잠실, 12 : 3
2018-8-5_케이티위즈파크, 20 : 2
2018-8-5_대전한밭, 10 : 8
2018-8-5_챔피언스필드, 3 : 6
2018-8-7_고척돔, 1 : 9
2018-8-7_잠실, 4 : 6
2018-8-7_인천문학, 10 : 8
2018-8-7_마산, 12 : 10
2018-8-7_울산, 3 : 4
2018-8-8_고척돔, 6 : 7
2018-8-8_잠실, 8 : 2
2018-8-8_인천문학, 0 : 12
2018-8-8_마산, 3 : 7
2018-8-8_울산, 1 : 2
2018-8-9_잠실, 9 : 6
2018-8-9_케이티위즈파크, 4 : 2
2018-8-9_챔피언스필드, 11 : 4
2018-8-9_마산, 3 : 6
2018-8-10_잠실, 10 : 12
2018-8-10_케이티위즈파크, 1 : 7
2018-8-10_챔피언스필드,  : 
2018-8-10_마산, 12 : 8
2018-8-11_고척돔, 8 : 13
2018-8-11_잠실, 2 : 5
2018-8-11_대전한밭, 3 : 5
2018-8-11_라이온즈파크, 7 : 1
2018-8-11_인천문학, 18 : 4
2018-8-12_고척돔, 3 : 11
2018-8-12_잠실, 12 : 11
2018-8-12_대전한밭, 4 : 5
2018-8-12_라이온즈파크, 2 : 9
2018-8-12_인천문학, 21 : 8
2018-8-14_부산사직, 4 : 9
2018-8-14_잠실, 3 : 6
2018-8-14_케이티위즈파크, 0 : 10
2018-8-14_챔피언스필드, 8 : 14
2018-8-14_라이온즈파크, 11 : 10
2018-8-15_부산사직,  : 
2018-8-15_잠실, 12 : 2
2018-8-15_케이티위즈파크, 13 : 9
2018-8-15_챔피언스필드, 13 : 4
2018-8-15_라이온즈파크, 3 : 2
2018-8-16_부산사직, 6 : 8
2018-8-16_잠실, 2 : 8
2018-8-16_케이티위즈파크, 3 : 5
2018-8-16_라이온즈파크, 2 : 5
2018-8-16_인천문학, 14 : 3
2018-9-4_잠실, 10 : 5
2018-9-4_케이티위즈파크, 3 : 4
2018-9-4_대전한밭, 4 : 6
2018-9-4_인천문학, 7 : 3
2018-9-4_마산, 5 : 3
2018-9-5_잠실, 1 : 14
2018-9-5_케이티위즈파크, 4 : 3
2018-9-5_대전한밭, 5 : 11
2018-9-5_인천문학, 11 : 12
2018-9-5_마산, 5 : 3
2018-9-6_잠실, 3 : 6
2018-9-6_케이티위즈파크, 9 : 2
2018-9-6_챔피언스필드, 2 : 7
2018-9-6_라이온즈파크, 6 : 2
2018-9-6_울산, 0 : 10
2018-9-7_잠실, 11 : 1
2018-9-7_케이티위즈파크, 4 : 12
2018-9-7_챔피언스필드, 5 : 7
2018-9-7_라이온즈파크, 7 : 2
2018-9-7_울산, 3 : 0
2018-9-8_고척돔, 12 : 6
2018-9-8_잠실, 1 : 5
2018-9-8_챔피언스필드, 4 : 12
2018-9-8_인천문학, 3 : 0
2018-9-8_마산, 1 : 7
2018-9-9_고척돔, 4 : 6
2018-9-9_잠실, 5 : 8
2018-9-9_챔피언스필드, 6 : 5
2018-9-9_인천문학, 2 : 14
2018-9-9_마산, 3 : 11
2018-9-11_부산사직, 17 : 4
2018-9-11_잠실, 3 : 1
2018-9-11_라이온즈파크, 8 : 7
2018-9-11_인천문학, 3 : 4
2018-9-11_마산, 7 : 10
2018-9-12_부산사직, 13 : 9
2018-9-12_잠실, 4 : 5
2018-9-12_라이온즈파크, 7 : 3
2018-9-12_인천문학, 3 : 8
2018-9-12_마산, 4 : 5
2018-9-13_부산사직,  : 
2018-9-13_잠실, 3 : 10
2018-9-13_라이온즈파크, 6 : 5
2018-9-13_마산,  : 
2018-9-14_부산사직, 9 : 5
2018-9-14_잠실, 2 : 7
2018-9-14_라이온즈파크, 1 : 6
2018-9-14_마산, 3 : 7
2018-9-15_부산사직, 6 : 5
2018-9-15_잠실, 13 : 7
2018-9-15_케이티위즈파크, 7 : 5
2018-9-15_대전한밭, 12 : 4
2018-9-15_챔피언스필드, 2 : 4
2018-9-16_부산사직, 2 : 0
2018-9-16_잠실, 1 : 5
2018-9-16_케이티위즈파크, 2 : 4
2018-9-16_대전한밭, 1 : 5
2018-9-16_챔피언스필드, 6 : 7
2018-9-18_고척돔, 7 : 10
2018-9-18_잠실, 4 : 1
2018-9-18_케이티위즈파크, 5 : 9
2018-9-18_라이온즈파크, 18 : 3
2018-9-18_마산, 3 : 10
2018-9-19_고척돔, 4 : 5
2018-9-19_잠실, 15 : 11
2018-9-19_케이티위즈파크, 18 : 8
2018-9-19_라이온즈파크, 8 : 9
2018-9-19_마산, 7 : 4
2018-9-20_부산사직, 10 : 11
2018-9-20_고척돔, 2 : 3
2018-9-20_잠실, 9 : 3
2018-9-20_챔피언스필드, 6 : 7
2018-9-20_인천문학, 8 : 2
2018-9-21_부산사직,  : 
2018-9-21_고척돔, 10 : 3
2018-9-21_잠실, 10 : 3
2018-9-21_챔피언스필드, 4 : 6
2018-9-21_인천문학, 4 : 5
2018-9-22_고척돔, 2 : 8
2018-9-22_잠실, 6 : 1
2018-9-22_대전한밭, 11 : 5
2018-9-22_라이온즈파크, 5 : 2
2018-9-22_마산, 13 : 10
2018-9-23_고척돔, 0 : 4
2018-9-23_잠실, 4 : 5
2018-9-23_대전한밭, 6 : 8
2018-9-23_라이온즈파크, 2 : 5
2018-9-23_마산, 3 : 4
2018-9-25_부산사직, 7 : 8
2018-9-25_잠실, 2 : 13
2018-9-25_케이티위즈파크, 9 : 7
2018-9-25_대전한밭, 8 : 1
2018-9-25_인천문학, 7 : 16
2018-9-26_부산사직, 7 : 10
2018-9-26_잠실, 8 : 9
2018-9-26_케이티위즈파크, 2 : 9
2018-9-26_대전한밭, 4 : 8
2018-9-26_인천문학, 2 : 5
2018-9-27_고척돔, 8 : 6
2018-9-27_잠실, 1 : 9
2018-9-27_대전한밭, 6 : 9
2018-9-27_라이온즈파크, 6 : 7
2018-9-27_인천문학, 4 : 11
2018-9-28_고척돔, 8 : 9
2018-9-28_잠실, 6 : 2
2018-9-28_대전한밭, 4 : 5
2018-9-28_라이온즈파크, 5 : 5
2018-9-28_인천문학, 2 : 6
2018-9-29_고척돔, 5 : 6
2018-9-29_잠실, 8 : 9
2018-9-29_케이티위즈파크, 8 : 3
2018-9-29_챔피언스필드, 3 : 4
2018-9-29_라이온즈파크, 3 : 9
2018-9-30_고척돔, 2 : 8
2018-9-30_잠실, 1 : 7
2018-9-30_케이티위즈파크, 8 : 7
2018-9-30_챔피언스필드, 4 : 6
2018-9-30_라이온즈파크, 8 : 4
2019-5-1_부산사직, 9 : 5
2019-5-1_잠실, 2 : 3
2019-5-1_대전한밭, 1 : 4
2019-5-1_챔피언스필드, 10 : 2
2019-5-1_인천문학, 0 : 2
2019-5-2_부산사직, 7 : 6
2019-5-2_잠실, 4 : 5
2019-5-2_대전한밭, 5 : 4
2019-5-2_챔피언스필드, 1 : 8
2019-5-2_인천문학, 10 : 8
2019-5-3_부산사직, 11 : 7
2019-5-3_고척돔, 3 : 8
2019-5-3_잠실, 2 : 7
2019-5-3_창원NC파크, 8 : 4
2019-5-3_대전한밭, 5 : 4
2019-5-4_부산사직, 10 : 4
2019-5-4_고척돔, 3 : 1
2019-5-4_잠실, 2 : 3
2019-5-4_창원NC파크, 1 : 4
2019-5-4_대전한밭, 9 : 10
2019-5-5_부산사직, 4 : 3
2019-5-5_고척돔, 2 : 12
2019-5-5_잠실, 2 : 11
2019-5-5_창원NC파크, 3 : 10
2019-5-5_대전한밭, 4 : 6
2019-5-7_고척돔, 12 : 10
2019-5-7_잠실, 3 : 4
2019-5-7_케이티위즈파크, 2 : 7
2019-5-7_라이온즈파크, 3 : 6
2019-5-7_인천문학, 2 : 11
2019-5-8_고척돔, 0 : 6
2019-5-8_잠실, 0 : 1
2019-5-8_케이티위즈파크, 4 : 5
2019-5-8_라이온즈파크, 0 : 2
2019-5-8_인천문학, 2 : 17
2019-5-9_고척돔, 1 : 2
2019-5-9_잠실, 5 : 3
2019-5-9_케이티위즈파크, 13 : 6
2019-5-9_라이온즈파크, 4 : 6
2019-5-9_인천문학, 6 : 1
2019-5-10_잠실, 5 : 2
2019-5-10_케이티위즈파크, 6 : 7
2019-5-10_창원NC파크, 11 : 12
2019-5-10_챔피언스필드, 4 : 1
2019-5-10_라이온즈파크, 12 : 5
2019-5-11_잠실, 4 : 6
2019-5-11_케이티위즈파크, 6 : 2
2019-5-11_창원NC파크, 12 : 0
2019-5-11_챔피언스필드, 10 : 3
2019-5-11_라이온즈파크, 2 : 9
2019-5-12_잠실, 0 : 2
2019-5-12_케이티위즈파크, 3 : 9
2019-5-12_창원NC파크, 3 : 2
2019-5-12_챔피언스필드, 4 : 3
2019-5-12_라이온즈파크, 10 : 9
2019-5-14_부산사직, 0 : 4
2019-5-14_잠실, 4 : 3
2019-5-14_창원NC파크, 2 : 8
2019-5-14_대전한밭, 3 : 7
2019-5-14_챔피언스필드, 6 : 1
2019-5-15_부산사직, 4 : 8
2019-5-15_잠실, 1 : 3
2019-5-15_창원NC파크, 7 : 3
2019-5-15_대전한밭, 4 : 5
2019-5-15_챔피언스필드, 7 : 4
2019-5-16_부산사직, 3 : 2
2019-5-16_잠실, 1 : 4
2019-5-16_창원NC파크, 2 : 5
2019-5-16_대전한밭, 6 : 15
2019-5-16_챔피언스필드, 6 : 3
2019-5-17_고척돔, 0 : 7
2019-5-17_잠실, 13 : 2
2019-5-17_케이티위즈파크, 14 : 3
2019-5-17_대전한밭, 5 : 2
2019-5-17_인천문학, 3 : 1
2019-5-18_고척돔, 1 : 13
2019-5-18_잠실, 9 : 3
2019-5-18_케이티위즈파크, 0 : 2
2019-5-18_대전한밭, 2 : 5
2019-5-18_인천문학, 10 : 5
2019-5-19_고척돔, 3 : 9
2019-5-19_잠실,  : 
2019-5-19_케이티위즈파크,  : 
2019-5-19_대전한밭, 5 : 0
2019-5-19_인천문학,  : 
2019-5-21_고척돔, 3 : 1
2019-5-21_잠실, 4 : 2
2019-5-21_케이티위즈파크, 7 : 12
2019-5-21_챔피언스필드, 6 : 10
2019-5-21_라이온즈파크, 3 : 9
2019-5-22_고척돔, 2 : 4
2019-5-22_잠실, 2 : 0
2019-5-22_케이티위즈파크, 1 : 3
2019-5-22_챔피언스필드, 5 : 6
2019-5-22_라이온즈파크, 5 : 6
2019-5-23_고척돔, 4 : 2
2019-5-23_잠실, 1 : 2
2019-5-23_케이티위즈파크, 2 : 3
2019-5-23_챔피언스필드, 1 : 3
2019-5-23_라이온즈파크, 1 : 2
2019-5-24_부산사직, 5 : 8
2019-5-24_잠실, 4 : 3
2019-5-24_창원NC파크, 4 : 2
2019-5-24_챔피언스필드, 5 : 7
2019-5-24_라이온즈파크, 10 : 5
2019-5-25_부산사직, 6 : 5
2019-5-25_잠실, 4 : 7
2019-5-25_창원NC파크, 7 : 10
2019-5-25_챔피언스필드, 3 : 10
2019-5-25_라이온즈파크, 9 : 10
2019-5-26_부산사직, 11 : 2
2019-5-26_잠실, 1 : 2
2019-5-26_창원NC파크, 2 : 1
2019-5-26_챔피언스필드, 5 : 17
2019-5-26_라이온즈파크, 3 : 4
2019-5-28_고척돔, 0 : 5
2019-5-28_잠실, 1 : 4
2019-5-28_창원NC파크, 9 : 4
2019-5-28_대전한밭, 0 : 2
2019-5-28_인천문학, 0 : 1
2019-5-29_고척돔, 4 : 2
2019-5-29_잠실, 2 : 3
2019-5-29_창원NC파크, 6 : 8
2019-5-29_대전한밭, 3 : 1
2019-5-29_인천문학, 8 : 6
2019-5-30_고척돔, 6 : 3
2019-5-30_잠실, 2 : 1
2019-5-30_창원NC파크, 10 : 2
2019-5-30_대전한밭, 3 : 2
2019-5-30_인천문학, 2 : 3
2019-5-31_부산사직, 1 : 6
2019-5-31_잠실, 2 : 3
2019-5-31_케이티위즈파크, 2 : 3
2019-5-31_챔피언스필드, 2 : 3
2019-5-31_인천문학, 1 : 2
2019-6-1_부산사직, 2 : 5
2019-6-1_잠실, 1 : 5
2019-6-1_케이티위즈파크, 3 : 13
2019-6-1_챔피언스필드, 4 : 0
2019-6-1_인천문학, 6 : 0
2019-6-2_부산사직, 8 : 3
2019-6-2_잠실, 4 : 1
2019-6-2_케이티위즈파크, 7 : 4
2019-6-2_챔피언스필드, 6 : 5
2019-6-2_인천문학, 2 : 5
2019-6-4_고척돔, 2 : 1
2019-6-4_잠실, 4 : 8
2019-6-4_챔피언스필드, 7 : 2
2019-6-4_라이온즈파크, 1 : 3
2019-6-4_울산, 2 : 3
2019-6-5_고척돔, 6 : 2
2019-6-5_잠실, 2 : 9
2019-6-5_챔피언스필드, 5 : 4
2019-6-5_라이온즈파크, 3 : 4
2019-6-5_울산, 6 : 3
2019-6-6_고척돔, 2 : 6
2019-6-6_잠실, 7 : 8
2019-6-6_챔피언스필드, 3 : 12
2019-6-6_라이온즈파크, 0 : 6
2019-6-6_울산, 4 : 3
2019-6-7_잠실, 1 : 7
2019-6-7_케이티위즈파크, 1 : 2
2019-6-7_창원NC파크, 1 : 2
2019-6-7_대전한밭, 2 : 3
2019-6-7_인천문학, 2 : 4
2019-6-8_잠실, 5 : 4
2019-6-8_케이티위즈파크, 2 : 6
2019-6-8_창원NC파크, 4 : 5
2019-6-8_대전한밭, 3 : 2
2019-6-8_인천문학, 0 : 8
2019-6-9_잠실, 4 : 0
2019-6-9_케이티위즈파크, 0 : 2
2019-6-9_창원NC파크, 3 : 4
2019-6-9_대전한밭, 3 : 1
2019-6-9_인천문학, 9 : 0
2019-6-11_잠실, 1 : 1
2019-6-11_케이티위즈파크, 13 : 1
2019-6-11_창원NC파크, 9 : 8
2019-6-11_대전한밭, 1 : 4
2019-6-11_챔피언스필드, 1 : 7
2019-6-12_잠실, 3 : 4
2019-6-12_케이티위즈파크, 6 : 3
2019-6-12_창원NC파크, 5 : 4
2019-6-12_대전한밭, 9 : 6
2019-6-12_챔피언스필드, 3 : 7
2019-6-13_잠실, 3 : 4
2019-6-13_케이티위즈파크, 1 : 5
2019-6-13_창원NC파크, 1 : 3
2019-6-13_대전한밭, 7 : 2
2019-6-13_챔피언스필드, 2 : 3
2019-6-14_부산사직,  : 
2019-6-14_고척돔, 7 : 8
2019-6-14_잠실, 4 : 7
2019-6-14_라이온즈파크, 4 : 7
2019-6-14_인천문학, 3 : 7
2019-6-15_부산사직, 0 : 7
2019-6-15_고척돔, 3 : 8
2019-6-15_잠실, 4 : 3
2019-6-15_라이온즈파크, 10 : 7
2019-6-15_인천문학, 0 : 4
2019-6-16_부산사직, 5 : 10
2019-6-16_고척돔, 6 : 9
2019-6-16_잠실, 3 : 5
2019-6-16_라이온즈파크, 3 : 1
2019-6-16_인천문학, 2 : 9
2019-6-18_고척돔, 2 : 3
2019-6-18_잠실, 7 : 10
2019-6-18_대전한밭, 11 : 3
2019-6-18_챔피언스필드, 2 : 4
2019-6-18_라이온즈파크, 5 : 12
2019-6-19_고척돔, 2 : 8
2019-6-19_잠실, 0 : 1
2019-6-19_대전한밭, 7 : 5
2019-6-19_챔피언스필드, 7 : 1
2019-6-19_라이온즈파크, 9 : 6
2019-6-20_고척돔, 1 : 3
2019-6-20_잠실, 2 : 14
2019-6-20_대전한밭, 7 : 10
2019-6-20_챔피언스필드, 5 : 8
2019-6-20_라이온즈파크, 11 : 3
2019-6-21_부산사직, 7 : 4
2019-6-21_잠실, 8 : 9
2019-6-21_케이티위즈파크, 0 : 5
2019-6-21_대전한밭, 5 : 2
2019-6-21_인천문학, 1 : 14
2019-6-22_부산사직, 1 : 4
2019-6-22_잠실, 3 : 2
2019-6-22_케이티위즈파크, 7 : 6
2019-6-22_대전한밭, 0 : 5
2019-6-22_인천문학, 0 : 3
2019-6-23_부산사직, 1 : 2
2019-6-23_잠실, 7 : 0
2019-6-23_케이티위즈파크, 2 : 4
2019-6-23_대전한밭, 10 : 5
2019-6-23_인천문학, 2 : 3
2019-6-25_부산사직, 8 : 8
2019-6-25_고척돔, 3 : 7
2019-6-25_잠실, 8 : 3
2019-6-25_창원NC파크, 14 : 3
2019-6-25_포항, 2 : 11
2019-6-26_부산사직,  : 
2019-6-26_고척돔, 13 : 6
2019-6-26_잠실, 7 : 4
2019-6-26_창원NC파크,  : 
2019-6-26_포항,  : 
2019-6-27_부산사직, 10 : 2
2019-6-27_고척돔, 2 : 8
2019-6-27_잠실, 4 : 6
2019-6-27_창원NC파크, 5 : 10
2019-6-27_포항, 9 : 1
2019-6-28_잠실, 2 : 3
2019-6-28_케이티위즈파크, 1 : 9
2019-6-28_창원NC파크, 6 : 2
2019-6-28_대전한밭, 6 : 5
2019-6-28_라이온즈파크, 3 : 9
2019-6-29_잠실, 4 : 0
2019-6-29_케이티위즈파크, 3 : 5
2019-6-29_창원NC파크,  : 
2019-6-29_대전한밭,  : 
2019-6-29_라이온즈파크,  : 
2019-6-30_잠실, 4 : 0
2019-6-30_케이티위즈파크, 3 : 4
2019-6-30_창원NC파크, 1 : 9
2019-6-30_대전한밭, 6 : 4
2019-6-30_라이온즈파크, 14 : 7
2019-7-2_고척돔, 3 : 6
2019-7-2_잠실, 2 : 9
2019-7-2_케이티위즈파크, 3 : 5
2019-7-2_챔피언스필드, 3 : 5
2019-7-2_인천문학, 1 : 10
2019-7-3_고척돔, 3 : 1
2019-7-3_잠실, 1 : 6
2019-7-3_케이티위즈파크, 0 : 3
2019-7-3_챔피언스필드, 8 : 4
2019-7-3_인천문학, 5 : 8
2019-7-4_고척돔, 4 : 1
2019-7-4_잠실, 3 : 4
2019-7-4_케이티위즈파크, 3 : 5
2019-7-4_챔피언스필드, 9 : 3
2019-7-4_인천문학, 7 : 9
2019-7-5_고척돔, 1 : 14
2019-7-5_잠실, 8 : 6
2019-7-5_창원NC파크, 3 : 7
2019-7-5_대전한밭, 10 : 3
2019-7-5_챔피언스필드, 1 : 6
2019-7-6_고척돔, 4 : 6
2019-7-6_잠실, 4 : 2
2019-7-6_창원NC파크, 2 : 2
2019-7-6_대전한밭, 8 : 9
2019-7-6_챔피언스필드, 0 : 7
2019-7-7_고척돔, 2 : 5
2019-7-7_잠실, 4 : 5
2019-7-7_창원NC파크, 4 : 2
2019-7-7_대전한밭, 4 : 3
2019-7-7_챔피언스필드, 10 : 9
2019-7-9_부산사직, 1 : 4
2019-7-9_잠실, 11 : 4
2019-7-9_케이티위즈파크, 12 : 3
2019-7-9_대전한밭, 0 : 1
2019-7-9_라이온즈파크, 2 : 3
2019-7-10_부산사직,  : 
2019-7-10_잠실,  : 
2019-7-10_케이티위즈파크,  : 
2019-7-10_대전한밭,  : 
2019-7-10_라이온즈파크,  : 
2019-7-11_부산사직, 4 : 0
2019-7-11_잠실, 8 : 4
2019-7-11_케이티위즈파크, 4 : 2
2019-7-11_대전한밭, 5 : 1
2019-7-11_라이온즈파크, 2 : 4
2019-7-12_부산사직, 1 : 2
2019-7-12_잠실, 6 : 3
2019-7-12_창원NC파크, 8 : 9
2019-7-12_챔피언스필드, 0 : 5
2019-7-12_인천문학, 6 : 2
2019-7-13_부산사직, 4 : 3
2019-7-13_잠실, 3 : 5
2019-7-13_창원NC파크, 13 : 3
2019-7-13_챔피언스필드, 10 : 5
2019-7-13_인천문학, 2 : 4
2019-7-14_부산사직, 8 : 2
2019-7-14_잠실, 0 : 2
2019-7-14_창원NC파크, 4 : 1
2019-7-14_챔피언스필드, 7 : 10
2019-7-14_인천문학, 3 : 4
2019-7-16_고척돔, 0 : 6
2019-7-16_잠실, 7 : 2
2019-7-16_챔피언스필드,  : 
2019-7-16_인천문학, 4 : 10
2019-7-17_고척돔, 6 : 10
2019-7-17_잠실, 6 : 4
2019-7-17_챔피언스필드, 1 : 3
2019-7-17_인천문학, 2 : 8
2019-7-18_고척돔, 1 : 5
2019-7-18_잠실, 7 : 4
2019-7-18_챔피언스필드, 6 : 3
2019-7-18_인천문학, 12 : 5
2019-7-19_창원NC파크,  : 
2019-7-21_창원NC파크,  : 
2019-7-26_부산사직, 8 : 6
2019-7-26_고척돔, 4 : 5
2019-7-26_잠실,  : 
2019-7-26_케이티위즈파크,  : 
2019-7-26_라이온즈파크, 8 : 9
2019-7-27_부산사직, 4 : 0
2019-7-27_고척돔, 1 : 4
2019-7-27_잠실, 1 : 12
2019-7-27_케이티위즈파크, 5 : 2
2019-7-27_라이온즈파크, 6 : 7
2019-7-28_부산사직, 3 : 0
2019-7-28_고척돔, 11 : 0
2019-7-28_잠실,  : 
2019-7-28_케이티위즈파크, 10 : 1
2019-7-28_라이온즈파크, 6 : 13
2019-7-30_잠실, 4 : 2
2019-7-30_케이티위즈파크, 2 : 3
2019-7-30_창원NC파크, 9 : 1
2019-7-30_라이온즈파크, 2 : 5
2019-7-30_인천문학, 2 : 0
2019-7-31_잠실, 8 : 0
2019-7-31_케이티위즈파크, 5 : 2
2019-7-31_창원NC파크, 4 : 8
2019-7-31_라이온즈파크, 8 : 4
2019-7-31_인천문학, 6 : 2
2019-8-1_잠실, 5 : 11
2019-8-1_케이티위즈파크, 3 : 1
2019-8-1_창원NC파크, 3 : 2
2019-8-1_라이온즈파크, 9 : 4
2019-8-1_인천문학, 1 : 10
2019-8-3_부산사직, 1 : 2
2019-8-3_고척돔, 7 : 1
2019-8-3_잠실, 10 : 13
2019-8-3_대전한밭, 3 : 0
2019-8-3_챔피언스필드, 1 : 5
2019-8-4_부산사직, 4 : 9
2019-8-4_고척돔, 5 : 3
2019-8-4_잠실, 2 : 1
2019-8-4_대전한밭, 2 : 8
2019-8-4_챔피언스필드, 0 : 1
2019-8-6_잠실, 3 : 8
2019-8-6_창원NC파크,  : 
2019-8-6_챔피언스필드, 17 : 4
2019-8-6_인천문학, 3 : 0
2019-8-6_울산,  : 
2019-8-7_잠실, 7 : 5
2019-8-7_창원NC파크, 1 : 2
2019-8-7_챔피언스필드, 5 : 10
2019-8-7_인천문학, 2 : 5
2019-8-7_울산, 16 : 4
2019-8-8_고척돔, 6 : 1
2019-8-8_잠실, 2 : 7
2019-8-8_창원NC파크, 2 : 13
2019-8-8_챔피언스필드, 2 : 5
2019-8-8_라이온즈파크, 8 : 0
2019-8-9_고척돔, 4 : 5
2019-8-9_잠실, 1 : 3
2019-8-9_창원NC파크, 5 : 2
2019-8-9_챔피언스필드, 4 : 10
2019-8-9_라이온즈파크, 6 : 3
2019-8-10_고척돔, 2 : 10
2019-8-10_잠실, 2 : 0
2019-8-10_케이티위즈파크, 4 : 5
2019-8-10_창원NC파크, 4 : 7
2019-8-10_라이온즈파크, 7 : 2
2019-8-11_고척돔, 12 : 7
2019-8-11_잠실, 3 : 4
2019-8-11_케이티위즈파크, 6 : 4
2019-8-11_창원NC파크, 1 : 9
2019-8-11_라이온즈파크, 4 : 5
2019-8-13_부산사직, 5 : 6
2019-8-13_잠실, 7 : 8
2019-8-13_대전한밭, 10 : 2
2019-8-13_챔피언스필드, 5 : 2
2019-8-13_인천문학, 1 : 4
2019-8-14_부산사직, 6 : 0
2019-8-14_잠실, 14 : 0
2019-8-14_대전한밭, 3 : 9
2019-8-14_챔피언스필드, 1 : 4
2019-8-14_인천문학,  : 
2019-8-15_부산사직, 5 : 11
2019-8-15_고척돔, 3 : 4
2019-8-15_잠실,  : 
2019-8-15_케이티위즈파크,  : 
2019-8-15_챔피언스필드, 7 : 6
2019-8-16_부산사직, 2 : 1
2019-8-16_고척돔, 4 : 6
2019-8-16_잠실, 4 : 7
2019-8-16_케이티위즈파크, 1 : 9
2019-8-16_챔피언스필드, 0 : 1
2019-8-17_고척돔, 8 : 4
2019-8-17_잠실, 2 : 9
2019-8-17_창원NC파크, 0 : 9
2019-8-17_챔피언스필드, 4 : 3
2019-8-17_라이온즈파크, 2 : 7
2019-8-18_고척돔, 5 : 4
2019-8-18_잠실, 3 : 11
2019-8-18_창원NC파크, 4 : 7
2019-8-18_챔피언스필드, 2 : 1
2019-8-18_라이온즈파크, 8 : 1
2019-8-20_잠실, 3 : 15
2019-8-20_케이티위즈파크, 0 : 6
2019-8-20_창원NC파크, 2 : 3
2019-8-20_대전한밭, 5 : 0
2019-8-20_인천문학, 0 : 5
2019-8-21_잠실, 4 : 6
2019-8-21_케이티위즈파크, 8 : 1
2019-8-21_창원NC파크,  : 
2019-8-21_대전한밭,  : 
2019-8-21_인천문학, 4 : 5
2019-8-22_고척돔, 5 : 5
2019-8-22_잠실, 5 : 2
2019-8-22_케이티위즈파크, 2 : 4
2019-8-22_라이온즈파크, 13 : 1
2019-8-22_인천문학, 6 : 8
2019-8-23_고척돔, 0 : 6
2019-8-23_잠실, 2 : 8
2019-8-23_케이티위즈파크, 3 : 3
2019-8-23_라이온즈파크, 8 : 4
2019-8-23_인천문학, 2 : 6
2019-8-24_부산사직, 8 : 3
2019-8-24_잠실, 8 : 12
2019-8-24_대전한밭, 13 : 3
2019-8-24_라이온즈파크, 1 : 2
2019-8-24_인천문학, 3 : 4
2019-8-25_부산사직, 4 : 5
2019-8-25_잠실, 7 : 3
2019-8-25_대전한밭, 3 : 2
2019-8-25_라이온즈파크, 21 : 8
2019-8-25_인천문학, 4 : 2
2019-8-27_잠실, 2 : 4
2019-8-27_창원NC파크, 3 : 4
2019-8-27_챔피언스필드, 10 : 1
2019-8-27_울산, 2 : 1
2019-8-28_잠실, 2 : 4
2019-8-28_창원NC파크, 8 : 2
2019-8-28_챔피언스필드, 1 : 5
2019-8-28_울산, 3 : 4
2019-8-29_고척돔, 0 : 4
2019-8-29_잠실,  : 
2019-8-29_케이티위즈파크, 8 : 11
2019-8-29_창원NC파크, 3 : 4
2019-8-29_라이온즈파크, 4 : 5
2019-8-30_고척돔, 2 : 5
2019-8-30_잠실, 1 : 0
2019-8-30_케이티위즈파크, 3 : 1
2019-8-30_창원NC파크, 8 : 2
2019-8-30_라이온즈파크, 2 : 0
2019-8-31_잠실, 3 : 5
2019-8-31_창원NC파크, 9 : 3
2019-8-31_대전한밭, 6 : 1
2019-8-31_챔피언스필드, 2 : 4
2019-8-31_인천문학, 6 : 4
2019-9-1_잠실, 1 : 4
2019-9-1_창원NC파크, 2 : 4
2019-9-1_대전한밭, 1 : 6
2019-9-1_챔피언스필드, 2 : 4
2019-9-1_인천문학, 6 : 9
2019-9-3_부산사직, 5 : 4
2019-9-3_잠실, 5 : 2
2019-9-3_케이티위즈파크, 5 : 0
2019-9-3_대전한밭, 6 : 5
2019-9-3_인천문학, 1 : 8
2019-9-4_부산사직, 8 : 0
2019-9-4_잠실,  : 
2019-9-4_케이티위즈파크,  : 
2019-9-4_대전한밭, 1 : 0
2019-9-4_인천문학,  : 
2019-9-5_고척돔, 4 : 0
2019-9-5_잠실,  : 
2019-9-5_케이티위즈파크,  : 
2019-9-5_창원NC파크, 3 : 0
2019-9-5_인천문학,  : 
2019-9-6_고척돔, 1 : 6
2019-9-6_잠실, 2 : 5
2019-9-6_케이티위즈파크, 2 : 5
2019-9-6_창원NC파크, 0 : 4
2019-9-6_인천문학,  : 
2019-9-7_잠실,  : 
2019-9-7_케이티위즈파크,  : 
2019-9-7_대전한밭, 1 : 5
2019-9-7_챔피언스필드, 7 : 3
2019-9-7_라이온즈파크, 8 : 2
2019-9-8_잠실, 1 : 2
2019-9-8_케이티위즈파크, 0 : 5
2019-9-8_대전한밭, 12 : 0
2019-9-8_챔피언스필드, 13 : 3
2019-9-8_라이온즈파크, 4 : 9
2019-9-10_부산사직, 4 : 8
2019-9-10_잠실,  : 
2019-9-10_라이온즈파크, 2 : 3
2019-9-10_인천문학,  : 
2019-9-11_부산사직, 4 : 0
2019-9-11_잠실, 4 : 0
2019-9-11_라이온즈파크, 8 : 11
2019-9-11_인천문학, 4 : 2
2019-9-12_부산사직, 2 : 1
2019-9-12_고척돔, 2 : 3
2019-9-12_잠실, 0 : 5
2019-9-12_케이티위즈파크, 7 : 4
2019-9-12_라이온즈파크,  : 
2019-9-13_부산사직, 0 : 1
2019-9-13_고척돔, 4 : 1
2019-9-13_잠실, 2 : 6
2019-9-13_케이티위즈파크, 5 : 2
2019-9-13_라이온즈파크, 5 : 4
2019-9-14_잠실, 2 : 7
2019-9-14_케이티위즈파크, 2 : 3
2019-9-14_창원NC파크, 1 : 7
2019-9-14_대전한밭, 2 : 5
2019-9-14_인천문학, 6 : 7
2019-9-15_잠실, 4 : 10
2019-9-15_창원NC파크, 1 : 6
2019-9-15_대전한밭, 7 : 1
2019-9-15_인천문학, 8 : 6
2019-9-16_잠실, 6 : 3
2019-9-16_케이티위즈파크, 4 : 2
2019-9-16_라이온즈파크, 11 : 1
2019-9-17_대전한밭, 0 : 1
2019-9-17_챔피언스필드, 2 : 3
2019-9-18_챔피언스필드, 5 : 6
2019-9-18_인천문학, 6 : 0
2019-9-18_포항, 4 : 3
2019-9-19_창원NC파크, 3 : 5
2019-9-19_라이온즈파크, 2 : 12
2019-9-20_부산사직, 7 : 0
2019-9-20_잠실, 2 : 6
2019-9-20_대전한밭, 3 : 5
2019-9-20_인천문학, 5 : 1
2019-9-21_부산사직,  : 
2019-9-21_잠실, 3 : 5
2019-9-21_케이티위즈파크, 6 : 3
2019-9-21_대전한밭,  : 
2019-9-22_부산사직,  : 
2019-9-22_잠실, 6 : 3
2019-9-22_케이티위즈파크,  : 
2019-9-23_부산사직, 6 : 1
2019-9-23_잠실, 9 : 1
2019-9-23_케이티위즈파크, 1 : 2
2019-9-24_잠실, 4 : 2
2019-9-24_케이티위즈파크, 3 : 7
2019-9-24_창원NC파크, 7 : 7
2019-9-24_챔피언스필드, 0 : 5
2019-9-25_부산사직, 7 : 0
2019-9-25_창원NC파크, 3 : 2
2019-9-25_인천문학, 0 : 1
2019-9-26_부산사직, 3 : 1
2019-9-26_케이티위즈파크, 4 : 3
2019-9-26_창원NC파크, 4 : 2
2019-9-26_라이온즈파크, 11 : 0
2019-9-27_부산사직,  : 
2019-9-27_잠실, 3 : 0
2019-9-27_라이온즈파크, 4 : 0
2019-9-28_부산사직,  : 
2019-9-28_잠실, 6 : 7
2019-9-28_케이티위즈파크, 2 : 5
2019-9-28_챔피언스필드, 1 : 7
2019-9-28_라이온즈파크, 7 : 9
2019-9-29_부산사직, 4 : 1
2019-9-29_잠실, 3 : 0
2019-9-29_케이티위즈파크, 0 : 7
2019-9-29_대전한밭, 2 : 0
2019-9-30_잠실, 0 : 2
2019-9-30_대전한밭, 6 : 2
